  GEN     /root/los20/kernel/oppo/msm8939/out/Makefile
  CHK     include/generated/uapi/linux/version.h
  CC      scripts/mod/empty.o
  CC      scripts/mod/devicetable-offsets.s
  MKELF   scripts/mod/elfconfig.h
  HOSTCC  scripts/mod/modpost.o
  HOSTCC  scripts/mod/sumversion.o
  GEN     scripts/mod/devicetable-offsets.h
  HOSTCC  scripts/mod/file2alias.o
  HOSTLD  scripts/mod/modpost
  Using /root/los20/kernel/oppo/msm8939 as source for kernel
  CHK     include/generated/utsrelease.h
  UPD     include/generated/utsrelease.h
  CC      kernel/bounds.s
  GEN     include/generated/bounds.h
  CC      arch/arm64/kernel/asm-offsets.s
  GEN     include/generated/asm-offsets.h
  CALL    /root/los20/kernel/oppo/msm8939/scripts/checksyscalls.sh
<stdin>:1226:2: warning: #warning syscall sched_setattr not implemented [-Wcpp]
<stdin>:1229:2: warning: #warning syscall sched_getattr not implemented [-Wcpp]
  CC      init/main.o
  CHK     include/generated/compile.h
  CC      init/do_mounts.o
  CC      init/do_mounts_rd.o
  CC      init/do_mounts_initrd.o
  CC      init/initramfs.o
  CC      init/calibrate.o
  CC      init/init_task.o
  AS      usr/initramfs_data.o
  CC      init/version.o
  LD      usr/built-in.o
  CC      arch/arm64/kernel/swp_emulate.o
  CC      arch/arm64/kernel/pcibios.o
  CC      arch/arm64/mm/dma-mapping.o
  CC      arch/arm64/mm/extable.o
  AS      arch/arm64/kernel/head.o
  CC      arch/arm64/mm/fault.o
  LDS     arch/arm64/kernel/vdso/vdso.lds
  CC      arch/arm64/crypto/aes-glue-ce.o
  AS      arch/arm64/crypto/aes-ce.o
  CC      arch/arm64/mm/init.o
  VDSOA arch/arm64/kernel/vdso/gettimeofday.o
  VDSOA arch/arm64/kernel/vdso/sigreturn.o
  LDS     arch/arm64/kernel/vmlinux.lds
  AS      arch/arm64/mm/cache.o
  CC      arch/arm64/mm/copypage.o
  VDSOL arch/arm64/kernel/vdso/vdso.so.dbg
  CC      arch/arm64/crypto/aes-ce-ccm-glue.o
  LD      init/mounts.o
  CC      arch/arm64/mm/flush.o
  LD      init/built-in.o
  AS      arch/arm64/crypto/aes-ce-ccm-core.o
  OBJCOPY arch/arm64/kernel/vdso/vdso.so
  VDSOSYM arch/arm64/kernel/vdso/vdso-offsets.h
  AS      arch/arm64/kernel/vdso/vdso.o
  CC      arch/arm64/mm/ioremap.o
  CC      arch/arm64/mm/iomap.o
  CC      arch/arm64/mm/mmap.o
  CC      arch/arm64/mm/pgd.o
  LD      arch/arm64/kernel/vdso/built-in.o
  CC      arch/arm64/kernel/cputable.o
  CC      arch/arm64/mm/mmu.o
  CC      arch/arm64/crypto/aes-glue-neon.o
  CC      arch/arm64/kernel/debug-monitors.o
  CC      kernel/fork.o
  CC      mm/filemap.o
  CC      kernel/exec_domain.o
  AS      arch/arm64/kernel/entry.o
  CC      arch/arm64/mm/context.o
  LD      ipc/built-in.o
  AS      arch/arm64/crypto/aes-neon.o
  CC      kernel/panic.o
  CC      fs/open.o
  AS      arch/arm64/mm/proc.o
  CC      mm/mempool.o
  AS      arch/arm64/crypto/chacha-neon-core.o
  CC      arch/arm64/kernel/irq.o
  CC      mm/oom_kill.o
  CC      security/keys/gc.o
  CC      arch/arm64/mm/pageattr.o
/root/los20/kernel/oppo/msm8939/mm/filemap.c:301:12: warning: 'sleep_on_page_killable' defined but not used [-Wunused-function]
 static int sleep_on_page_killable(void *word)
            ^
  CC      arch/arm64/crypto/chacha-neon-glue.o
  CC      fs/read_write.o
  CC      kernel/printk.o
  CC      security/selinux/avc.o
  CC      arch/arm64/kernel/fpsimd.o
  CC      arch/arm64/crypto/ghash-ce-glue.o
  LD      arch/arm64/mm/built-in.o
  CC      security/selinux/hooks.o
/root/los20/kernel/oppo/msm8939/fs/read_write.c: In function 'generic_file_llseek_size':
/root/los20/kernel/oppo/msm8939/fs/read_write.c:107:16: warning: unused variable 'inode' [-Wunused-variable]
  struct inode *inode = file->f_mapping->host;
                ^
/root/los20/kernel/oppo/msm8939/fs/read_write.c: At top level:
/root/los20/kernel/oppo/msm8939/fs/read_write.c:44:15: warning: 'lseek_execute' defined but not used [-Wunused-function]
 static loff_t lseek_execute(struct file *file, struct inode *inode,
               ^
  CC      security/keys/key.o
  CC      fs/file_table.o
  AS      arch/arm64/kernel/entry-fpsimd.o
  CC      security/commoncap.o
  CC      arch/arm64/kernel/process.o
  AS      arch/arm64/crypto/ghash-ce-core.o
  AS      arch/arm64/crypto/nh-neon-core.o
  CC      block/elevator.o
  CC      security/min_addr.o
  CC      arch/arm64/crypto/nhpoly1305-neon-glue.o
  CC      fs/super.o
  CC      security/keys/keyring.o
  CC      mm/fadvise.o
  CC      crypto/api.o
  CC      arch/arm64/kernel/ptrace.o
  CC      security/selinux/selinuxfs.o
  CC      kernel/cpu.o
  CC      arch/arm64/crypto/sha1-ce-glue.o
  CC      mm/maccess.o
  CC      crypto/cipher.o
  CC      block/blk-core.o
  CC      security/keys/keyctl.o
  CC      arch/arm64/kernel/setup.o
  CC      mm/page_alloc.o
  AS      arch/arm64/crypto/sha1-ce-core.o
  CC      kernel/exit.o
  CC      drivers/amba/bus.o
  CC      fs/char_dev.o
  CC      arch/arm64/crypto/sha2-ce-glue.o
  CC      crypto/compress.o
In file included from /root/los20/kernel/oppo/msm8939/mm/page_alloc.c:51:0:
/root/los20/kernel/oppo/msm8939/include/linux/psi.h:16:22: warning: "/*" within comment [-Wcomment]
  *     /proc/pressure/*, bukan tekanan per-cgroup. Lihat PLAN-PSI-EBPF.md §2:
 ^
  CC      sound/sound_core.o
  LD      drivers/amba/built-in.o
  LD      drivers/auxdisplay/built-in.o
  AS      arch/arm64/crypto/sha2-ce-core.o
  CC      arch/arm64/kernel/signal.o
  CC      crypto/memneq.o
  CC      fs/stat.o
  LD      sound/arm/built-in.o
  CC      drivers/base/core.o
  CC      arch/arm64/crypto/aes-ce-cipher.o
  LD      sound/atmel/built-in.o
  LD      firmware/built-in.o
  LD      sound/drivers/mpu401/built-in.o
  LD      sound/drivers/opl3/built-in.o
  CC      security/keys/permission.o
  LD      sound/drivers/opl4/built-in.o
  LD      sound/drivers/pcsp/built-in.o
  CC      sound/core/compress_offload.o
  LD      sound/drivers/vx/built-in.o
  LD      sound/drivers/built-in.o
  CC      security/keys/process_keys.o
  CC      kernel/itimer.o
  CC      block/blk-tag.o
  CC      crypto/algapi.o
  CC      security/selinux/netlink.o
  LD      arch/arm64/crypto/aes-ce-ccm.o
  LD      arch/arm64/crypto/aes-ce-blk.o
  LD      arch/arm64/crypto/aes-neon-blk.o
  LD      arch/arm64/crypto/chacha-neon.o
  LD      arch/arm64/crypto/nhpoly1305-neon.o
  LD      arch/arm64/crypto/sha1-ce.o
  LD      arch/arm64/crypto/sha2-ce.o
  LD      arch/arm64/crypto/ghash-ce.o
  LD      arch/arm64/crypto/built-in.o
  CC      fs/exec.o
  CC      arch/arm64/kernel/sys.o
  CC      sound/core/hwdep.o
  CC      mm/page-writeback.o
  CC      kernel/time.o
  CC      security/keys/request_key.o
  CC      block/blk-sysfs.o
  CC      security/selinux/nlmsgtab.o
  CC      security/security.o
  CC      arch/arm64/kernel/stacktrace.o
  CC      net/socket.o
  CC      sound/core/memalloc.o
  CC      crypto/scatterwalk.o
  CC      kernel/softirq.o
  CC      drivers/base/bus.o
  CC      block/blk-flush.o
  CC      security/keys/request_key_auth.o
  CC      arch/arm64/kernel/time.o
  CC      security/selinux/netif.o
  CC      fs/pipe.o
  CC      crypto/proc.o
  CC      arch/arm64/kernel/traps.o
  CC      security/keys/user_defined.o
  CC      drivers/block/brd.o
  CC      mm/readahead.o
  CC      block/blk-settings.o
  CC      drivers/base/dd.o
  CC      security/selinux/netnode.o
  CC      kernel/resource.o
  CC      sound/core/pcm.o
  CC      crypto/ablkcipher.o
  CC      arch/arm64/kernel/io.o
  CC      security/keys/compat.o
/root/los20/kernel/oppo/msm8939/mm/readahead.c: In function 'ondemand_readahead':
/root/los20/kernel/oppo/msm8939/mm/readahead.c:399:10: warning: unused variable 'prev_offset' [-Wunused-variable]
  pgoff_t prev_offset;
          ^
  CC      arch/arm64/kernel/vdso.o
  CC      block/blk-ioc.o
  CC      net/802/p8022.o
  CC      drivers/block/loop.o
  CC      security/keys/proc.o
  CC      drivers/base/syscore.o
  CC      mm/swap.o
  CC      fs/namei.o
  AS      arch/arm64/kernel/hyp-stub.o
  CC      security/selinux/netport.o
  CC      arch/arm64/kernel/psci.o
  CC      kernel/sysctl.o
  CC      sound/core/pcm_native.o
  CC      net/802/psnap.o
  CC      drivers/base/driver.o
  CC      security/keys/sysctl.o
  CC      block/blk-map.o
  CC      crypto/blkcipher.o
  CC      arch/arm64/kernel/cpu_ops.o
  CC      security/keys/encrypted-keys/encrypted.o
  CC      security/selinux/exports.o
  CC      block/blk-exec.o
  CC      mm/truncate.o
  CC      net/802/stp.o
  CC      drivers/base/class.o
  CC      drivers/block/zram/zcomp_lzo.o
  CC      arch/arm64/kernel/insn.o
  CC      crypto/ahash.o
  CC      drivers/block/zram/zcomp.o
  CC      security/selinux/ss/ebitmap.o
  CC      block/blk-merge.o
  CC      kernel/sysctl_binary.o
  CC      drivers/base/platform.o
  CC      security/keys/encrypted-keys/ecryptfs_format.o
  CC      arch/arm64/kernel/opcodes.o
  LD      net/802/built-in.o
  CC      mm/vmscan.o
  CC      drivers/block/zram/zram_drv.o
  CC      net/bluetooth/af_bluetooth.o
  CC      crypto/shash.o
  CC      arch/arm64/kernel/return_address.o
  LD      security/keys/encrypted-keys/encrypted-keys.o
  LD      security/keys/encrypted-keys/built-in.o
  LD      security/keys/built-in.o
  CC      net/bluetooth/hci_core.o
  CC      block/blk-softirq.o
In file included from /root/los20/kernel/oppo/msm8939/mm/vmscan.c:45:0:
/root/los20/kernel/oppo/msm8939/include/linux/psi.h:16:22: warning: "/*" within comment [-Wcomment]
  *     /proc/pressure/*, bukan tekanan per-cgroup. Lihat PLAN-PSI-EBPF.md §2:
 ^
  CC      security/selinux/ss/hashtab.o
  CC      drivers/base/cpu.o
  CC      kernel/capability.o
  CC      fs/fcntl.o
  CC      sound/core/pcm_lib.o
  AS      arch/arm64/kernel/sys32.o
  CC      security/selinux/ss/symtab.o
  AS      arch/arm64/kernel/kuser32.o
  CC      block/blk-timeout.o
  CC      drivers/base/firmware.o
  CC      security/selinux/ss/sidtab.o
  CC      arch/arm64/kernel/signal32.o
  CC      drivers/block/zram/zcomp_lz4.o
  CC      kernel/ptrace.o
  CC      crypto/algboss.o
  CC      fs/ioctl.o
  CC      crypto/testmgr.o
  LD      drivers/block/zram/zram.o
  LD      drivers/block/zram/built-in.o
  LD      drivers/block/built-in.o
  CC      block/blk-iopoll.o
  LD      sound/firewire/built-in.o
  CC      drivers/base/init.o
  LD      arch/arm64/lib/built-in.o
  CC      mm/shmem.o
  AS      arch/arm64/lib/bitops.o
  CC      security/selinux/ss/avtab.o
  CC      arch/arm64/kernel/sys_compat.o
  CC      drivers/base/map.o
  CC      crypto/crypto_wq.o
  AS      arch/arm64/lib/clear_page.o
  CC      block/blk-lib.o
  AS      arch/arm64/lib/clear_user.o
  CC      net/bridge/br.o
  CC      fs/readdir.o
  AS      arch/arm64/lib/copy_from_user.o
  LD      crypto/crypto_algapi.o
  AS      arch/arm64/lib/copy_in_user.o
  CC      drivers/base/devres.o
  CC      sound/core/pcm_timer.o
  CC      crypto/aead.o
  CC      kernel/timer.o
  CC      arch/arm64/kernel/smp.o
  AS      arch/arm64/lib/copy_page.o
  AS      arch/arm64/lib/copy_to_user.o
  CC      net/bluetooth/hci_conn.o
  CC      security/selinux/ss/policydb.o
  CC      block/ioctl.o
  CC      arch/arm64/lib/delay.o
  CC      fs/select.o
  CC      drivers/base/attribute_container.o
  CC      sound/core/pcm_misc.o
  CC      net/bridge/br_device.o
  CC      arch/arm64/kernel/smp_spin_table.o
  AS      arch/arm64/lib/memchr.o
  AS      arch/arm64/lib/memcmp.o
  LD      crypto/crypto_blkcipher.o
  CC      crypto/chainiv.o
  CC      kernel/user.o
  AS      arch/arm64/lib/memcpy.o
  CC      drivers/base/transport_class.o
  CC      sound/core/pcm_memory.o
  CC      block/genhd.o
  CC      mm/util.o
  CC      arch/arm64/kernel/topology.o
  AS      arch/arm64/lib/memmove.o
  CC      drivers/base/topology.o
  CC      kernel/signal.o
  AS      arch/arm64/lib/memset.o
  CC      net/bluetooth/hci_event.o
  CC      fs/dcache.o
  CC      crypto/eseqiv.o
  AS      arch/arm64/lib/strchr.o
  CC      arch/arm64/kernel/perf_regs.o
  AS      arch/arm64/lib/strcmp.o
  CC      net/bridge/br_fdb.o
  CC      mm/mmzone.o
  CC      drivers/base/dma-contiguous.o
  AS      arch/arm64/lib/strlen.o
  CC      sound/core/rawmidi.o
  AS      arch/arm64/lib/strncmp.o
  CC      mm/vmstat.o
  AS      arch/arm64/lib/strnlen.o
  CC      crypto/seqiv.o
  CC      arch/arm64/kernel/perf_event.o
  CC      security/selinux/ss/services.o
  AS      arch/arm64/lib/strrchr.o
  AR      arch/arm64/lib/lib.a
  LD      crypto/crypto_hash.o
  CC      block/scsi_ioctl.o
  CC      arch/arm64/kernel/perf_debug.o
  CC      drivers/base/dma-removed.o
  CC      crypto/pcompress.o
  CC      net/bridge/br_forward.o
  CC      drivers/bluetooth/bluetooth-power.o
  CC      mm/backing-dev.o
  CC      sound/core/timer.o
  LD      crypto/cryptomgr.o
  CC      drivers/base/power/sysfs.o
  CC      crypto/hmac.o
  CC      fs/inode.o
  CC      kernel/sys.o
  CC      arch/arm64/kernel/perf_trace_counters.o
  CC      block/partition-generic.o
  LD      drivers/bluetooth/built-in.o
  LD      sound/i2c/other/built-in.o
  LD      sound/i2c/built-in.o
  CC      mm/mm_init.o
  CC      arch/arm64/kernel/early_printk.o
  CC      net/core/sock.o
  CC      net/bridge/br_if.o
  CC      crypto/xcbc.o
  CC      drivers/base/power/generic_ops.o
  CC      mm/mmu_context.o
  AS      arch/arm64/kernel/sleep.o
  CC      drivers/base/power/common.o
  CC      mm/percpu.o
  CC      crypto/crypto_null.o
  CC      arch/arm64/kernel/suspend.o
  CC      fs/attr.o
  CC      security/selinux/ss/conditional.o
  CC      block/partitions/check.o
  CC      sound/core/sound.o
  CC      net/bluetooth/mgmt.o
  CC      drivers/base/power/qos.o
  CC      kernel/kmod.o
  CC      net/bridge/br_input.o
  LD      arch/arm64/kernel/built-in.o
  CC      crypto/md4.o
  CC      fs/bad_inode.o
  CC      sound/core/init.o
  CC      block/partitions/msdos.o
  CC      net/core/request_sock.o
  CC      fs/file.o
  CC      drivers/base/power/main.o
  CC      crypto/md5.o
  CC      security/selinux/ss/mls.o
  CC      kernel/workqueue.o
  CC      mm/slab_common.o
  CC      net/bridge/br_ioctl.o
  CC      block/partitions/efi.o
  CC      sound/core/memory.o
  CC      net/core/skbuff.o
  CC      drivers/base/regmap/regmap.o
  CC      crypto/sha1_generic.o
  CC      sound/core/info.o
  CC      mm/compaction.o
  CC      fs/filesystems.o
  LD      block/partitions/built-in.o
  CC      block/bsg.o
  CC      net/bridge/br_notify.o
  CC      security/selinux/ss/status.o
  CC      crypto/sha256_generic.o
  CC      fs/namespace.o
  CC      drivers/base/power/wakeup.o
  CC      sound/core/control.o
  CC      mm/balloon_compaction.o
  LD      security/selinux/selinux.o
  LD      security/selinux/built-in.o
  CC      security/capability.o
  CC      net/bridge/br_stp.o
  CC      block/noop-iosched.o
  CC      drivers/base/regmap/regcache.o
  CC      crypto/sha512_generic.o
  CC      mm/vmacache.o
  CC      drivers/base/power/runtime.o
  CC      block/deadline-iosched.o
  CC      kernel/pid.o
  CC      net/bluetooth/hci_sock.o
  CC      mm/interval_tree.o
  CC      net/bridge/br_stp_bpdu.o
  CC      crypto/gf128mul.o
  CC      drivers/base/regmap/regcache-rbtree.o
  CC      fs/seq_file.o
  CC      security/lsm_audit.o
  CC      sound/core/misc.o
  CC      block/row-iosched.o
  CC      mm/workingset.o
  CC      drivers/base/regmap/regcache-lzo.o
  CC      drivers/base/power/opp.o
  CC      sound/core/device.o
  CC      net/core/iovec.o
  CC      crypto/ecb.o
  CC      kernel/task_work.o
  CC      net/bridge/br_stp_if.o
  CC      net/bluetooth/hci_sysfs.o
  CC      mm/fremap.o
  LD      security/built-in.o
  CC      fs/xattr.o
  CC      sound/core/jack.o
  CC      drivers/base/regmap/regcache-flat.o
  CC      block/cfq-iosched.o
  CC      drivers/base/power/clock_ops.o
  CC      crypto/cbc.o
  CC      net/core/datagram.o
  CC      kernel/extable.o
  CC      lib/lockref.o
  CC      mm/highmem.o
  CC      drivers/base/regmap/regmap-debugfs.o
  LD      drivers/base/power/built-in.o
  CC      fs/libfs.o
  LD      sound/core/snd.o
  LD      sound/core/snd-hwdep.o
  CC      net/bluetooth/l2cap_core.o
  LD      sound/core/snd-timer.o
  LD      sound/core/snd-pcm.o
  CC      lib/bcd.o
  LD      sound/core/snd-page-alloc.o
  LD      sound/core/snd-rawmidi.o
  CC      net/bridge/br_stp_timer.o
  LD      sound/core/snd-compress.o
  LD      sound/core/built-in.o
  LD      sound/isa/ad1816a/built-in.o
  LD      sound/isa/ad1848/built-in.o
  LD      sound/isa/cs423x/built-in.o
  CC      kernel/params.o
  CC      crypto/cts.o
  CC      lib/div64.o
  LD      sound/isa/es1688/built-in.o
  LD      sound/isa/galaxy/built-in.o
  CC      mm/madvise.o
  LD      sound/isa/gus/built-in.o
  LD      sound/isa/msnd/built-in.o
  LD      sound/isa/opti9xx/built-in.o
  LD      sound/isa/sb/built-in.o
  CC      lib/sort.o
  LD      sound/isa/wavefront/built-in.o
  LD      sound/isa/wss/built-in.o
  LD      sound/isa/built-in.o
  LD      sound/mips/built-in.o
  CC      drivers/base/regmap/regmap-i2c.o
  LD      sound/parisc/built-in.o
  LD      sound/pcmcia/pdaudiocf/built-in.o
  CC      net/core/stream.o
  LD      sound/pcmcia/vx/built-in.o
  LD      sound/pcmcia/built-in.o
  LD      sound/pci/ac97/built-in.o
  CC      net/core/scm.o
  LD      sound/pci/ali5451/built-in.o
  LD      sound/pci/asihpi/built-in.o
  LD      sound/pci/au88x0/built-in.o
  CC      lib/parser.o
  LD      sound/pci/aw2/built-in.o
  LD      sound/pci/ca0106/built-in.o
  LD      sound/pci/cs46xx/built-in.o
  CC      fs/fs-writeback.o
  CC      drivers/base/regmap/regmap-spi.o
  CC      crypto/xts.o
  LD      sound/pci/cs5535audio/built-in.o
  CC      mm/memory.o
  LD      sound/pci/ctxfi/built-in.o
  CC      net/bridge/br_netlink.o
  LD      sound/pci/echoaudio/built-in.o
  LD      sound/pci/emu10k1/built-in.o
  CC      kernel/posix-timers.o
  LD      sound/pci/hda/built-in.o
  LD      sound/pci/ice1712/built-in.o
  LD      sound/pci/korg1212/built-in.o
  LD      sound/pci/lola/built-in.o
  CC      block/bfq-iosched.o
  LD      sound/pci/lx6464es/built-in.o
  LD      sound/pci/mixart/built-in.o
  LD      sound/pci/nm256/built-in.o
  LD      sound/pci/oxygen/built-in.o
  CC      lib/halfmd4.o
  LD      sound/pci/pcxhr/built-in.o
  LD      sound/pci/riptide/built-in.o
  LD      sound/pci/rme9652/built-in.o
  LD      sound/pci/trident/built-in.o
  CC      drivers/base/regmap/regmap-swr.o
  LD      sound/pci/vx222/built-in.o
  LD      sound/pci/ymfpci/built-in.o
  LD      sound/pci/built-in.o
  LD      sound/ppc/built-in.o
  LD      sound/sh/built-in.o
  CC      lib/debug_locks.o
  CC      crypto/ctr.o
  CC      net/ethernet/eth.o
  CC      net/core/gen_stats.o
  CC      sound/soc/soc-core.o
  CC      lib/random32.o
  LD      drivers/base/regmap/built-in.o
  CC      net/bridge/br_sysfs_if.o
  CC      drivers/base/dma-mapping.o
  CC      fs/pnode.o
  CC      lib/bust_spinlocks.o
  CC      crypto/adiantum.o
  CC      kernel/kthread.o
  CC      net/core/gen_estimator.o
  LD      net/ethernet/built-in.o
  CC      kernel/wait.o
  CC      fs/splice.o
  CC      drivers/base/dma-coherent.o
  CC      lib/hexdump.o
  CC      net/bridge/br_sysfs_br.o
  CC      lib/kasprintf.o
  CC      net/bridge/br_netfilter.o
  CC      crypto/nhpoly1305.o
  CC      kernel/sys_ni.o
  CC      mm/mincore.o
  CC      kernel/posix-cpu-timers.o
  CC      drivers/base/dma-buf.o
  CC      lib/bitmap.o
  CC      net/core/net_namespace.o
  CC      crypto/cryptd.o
  CC      mm/mlock.o
  CC      net/bridge/br_multicast.o
  CC      block/compat_ioctl.o
  CC      fs/sync.o
  CC      lib/scatterlist.o
  CC      net/bluetooth/l2cap_sock.o
  CC      drivers/base/firmware_class.o
  CC      kernel/mutex.o
  LD      drivers/bus/built-in.o
  CC      fs/utimes.o
  CC      mm/mmap.o
  CC      sound/soc/soc-dapm.o
  CC      crypto/des_generic.o
  CC      lib/gcd.o
  LD      block/built-in.o
  LD      sound/sparc/built-in.o
  CC      net/core/secure_seq.o
  CC      kernel/hrtimer.o
  CC      lib/lcm.o
  CC      drivers/base/soc.o
  LD      sound/spi/built-in.o
  CC      net/bluetooth/smp.o
  CC      fs/stack.o
  CC      lib/list_sort.o
  CC      net/core/flow_dissector.o
  CC      net/bridge/br_mdb.o
  CC      lib/uuid.o
  CC      fs/fs_struct.o
  CC      net/bluetooth/sco.o
  CC      net/ipc_router/ipc_router_core.o
  CC      lib/flex_array.o
  CC      crypto/twofish_generic.o
  CC      kernel/rwsem.o
  CC      drivers/base/pinctrl.o
  CC      net/core/sysctl_net_core.o
  CC      mm/mprotect.o
  CC      mm/mremap.o
  CC      fs/statfs.o
  CC      kernel/nsproxy.o
  CC      net/bridge/netfilter/ebtables.o
  CC      lib/iovec.o
  LD      drivers/base/built-in.o
  CC      sound/soc/soc-jack.o
  LD      drivers/cdrom/built-in.o
  CC      crypto/twofish_common.o
  CC      drivers/char/mem.o
  CC      lib/bsearch.o
  CC      net/core/dev.o
  CC      kernel/semaphore.o
  CC      lib/find_last_bit.o
  CC      net/bluetooth/lib.o
  CC      mm/msync.o
  CC      fs/buffer.o
  CC      lib/find_next_bit.o
  CC      net/bluetooth/a2mp.o
  CC      sound/soc/soc-cache.o
  CC      drivers/char/random.o
  CC      lib/llist.o
  CC      kernel/notifier.o
  CC      mm/rmap.o
  CC      net/ipc_router/ipc_router_socket.o
  CC      lib/memweight.o
  CC      sound/soc/soc-utils.o
  CC      lib/kfifo.o
  CC      kernel/ksysfs.o
  CC      crypto/aes_generic.o
  CC      net/ipv4/route.o
  CC      net/bridge/netfilter/ebtable_broute.o
  CC      drivers/char/misc.o
  CC      sound/soc/soc-pcm.o
  CC      kernel/cred.o
  CC      lib/string_helpers.o
  CC      net/bluetooth/amp.o
  CC      lib/kstrtox.o
  CC      net/ipc_router/ipc_router_security.o
  CC      mm/vmalloc.o
  LD      net/bridge/netfilter/built-in.o
  LD      net/bridge/bridge.o
  LD      net/bridge/built-in.o
  CC      drivers/char/diag/diagchar_core.o
  CC      fs/bio.o
  CC      crypto/arc4.o
  CC      kernel/async.o
  CC      lib/iomap.o
  CC      kernel/range.o
  LD      net/ipc_router/built-in.o
  CC      crypto/chacha_generic.o
  CC      lib/pci_iomap.o
  CC      drivers/clk/clk-devres.o
  CC      net/bluetooth/bnep/core.o
  CC      kernel/groups.o
  CC      sound/soc/soc-compress.o
  CC      net/ipv4/inetpeer.o
  CC      drivers/clk/clkdev.o
  CC      lib/iomap_copy.o
  CC      fs/block_dev.o
  CC      net/ipv6/af_inet6.o
  CC      crypto/poly1305_generic.o
  CC      kernel/lglock.o
  CC      lib/devres.o
  CC      drivers/char/diag/diagchar_hdlc.o
  CC      net/core/ethtool.o
  CC      mm/pagewalk.o
  CC      drivers/clk/clk.o
  CC      net/bluetooth/bnep/sock.o
  CC      sound/soc/soc-io.o
  CC      kernel/smpboot.o
  CC      lib/hweight.o
  CC      net/ipv4/protocol.o
  CC      drivers/char/diag/diagfwd.o
  CC      mm/pgtable-generic.o
  CC      lib/bitrev.o
  CC      crypto/deflate.o
  CC      fs/direct-io.o
  LD      sound/soc/atmel/built-in.o
  CC      drivers/clk/qcom/clock.o
  LD      sound/soc/au1x/built-in.o
  LD      sound/soc/blackfin/built-in.o
  CC      net/ipv6/anycast.o
  LD      sound/soc/cirrus/built-in.o
  CC      lib/crc-ccitt.o
  CC      net/bluetooth/bnep/netdev.o
  CC      mm/process_vm_access.o
  CC      crypto/crc32c.o
  CC      net/ipv4/ip_input.o
  CC      sound/soc/codecs/audio-ext-clk.o
  CC      net/core/dev_addr_lists.o
  CC      lib/crc16.o
  LD      net/bluetooth/bnep/bnep.o
  CC      drivers/clk/qcom/clock-dummy.o
  LD      net/bluetooth/bnep/built-in.o
  CC      net/ipv6/ip6_output.o
  CC      crypto/crc32.o
  CC      sound/soc/codecs/msm_stub.o
  CC      net/bluetooth/hidp/core.o
  CC      kernel/bpf/core.o
  CC      lib/crc32.o
  CC      mm/showmem.o
  CC      drivers/char/diag/diag_mux.o
  CC      net/ipv4/ip_fragment.o
  CC      drivers/clk/qcom/clock-generic.o
  CC      fs/mpage.o
  CC      net/core/dst.o
  CC      crypto/authenc.o
  CC      sound/soc/codecs/msm8x16-wcd.o
  CC      mm/vmpressure.o
  CC      drivers/char/diag/diag_memorydevice.o
  CC      lib/libcrc32c.o
  CC      fs/ioprio.o
  CC      lib/genalloc.o
  CC      drivers/clk/qcom/clock-local2.o
  CC      drivers/char/diag/diag_usb.o
  CC      net/core/netevent.o
  CC      kernel/bpf/syscall.o
  CC      mm/list_lru.o
  CC      net/ipv4/ip_forward.o
  CC      crypto/authencesn.o
  CC      net/bluetooth/hidp/sock.o
  CC      mm/init-mm.o
  CC      net/core/neighbour.o
  CC      drivers/char/diag/diagmem.o
  CC      fs/proc_namespace.o
  CC      lib/lz4/lz4_compress.o
  CC      net/ipv6/ip6_input.o
  CC      mm/nobootmem.o
  CC      net/ipv4/ip_options.o
  CC      drivers/char/diag/diagfwd_cntl.o
  CC      crypto/rng.o
  CC      drivers/clk/qcom/clock-pll.o
  CC      lib/lz4/lz4_decompress.o
  CC      mm/memblock.o
  CC      fs/configfs/inode.o
  LD      net/bluetooth/hidp/hidp.o
  LD      net/bluetooth/hidp/built-in.o
  CC      net/bluetooth/rfcomm/core.o
  CC      net/ipv6/addrconf.o
  LD      lib/lz4/built-in.o
  CC      kernel/bpf/verifier.o
  CC      crypto/krng.o
  CC      lib/lzo/lzo1x_compress.o
  CC      drivers/clk/qcom/clock-alpha-pll.o
  CC      drivers/char/diag/diag_dci.o
  CC      net/ipv4/ip_output.o
  CC      fs/configfs/file.o
  CC      mm/bounce.o
  CC      sound/soc/codecs/msm8x16-wcd-tables.o
  CC      drivers/clk/qcom/clock-rpm.o
  CC      lib/lzo/lzo1x_decompress_safe.o
  CC      crypto/ansi_cprng.o
  CC      mm/page_io.o
  CC      fs/configfs/dir.o
  CC      net/core/rtnetlink.o
  CC      drivers/clk/qcom/clock-voter.o
  CC      sound/soc/codecs/wcd9xxx-common.o
  LD      lib/lzo/lzo_compress.o
  LD      lib/lzo/lzo_decompress.o
  LD      lib/lzo/built-in.o
  CC      lib/mpi/generic_mpih-lshift.o
  CC      drivers/clk/qcom/clock-debug.o
  CC      crypto/af_alg.o
  CC      mm/swap_state.o
  CC      net/bluetooth/rfcomm/sock.o
  CC      lib/mpi/generic_mpih-mul1.o
  CC      drivers/char/diag/diag_masks.o
  CC      net/ipv4/ip_sockglue.o
  CC      fs/configfs/symlink.o
  CC      kernel/bpf/inode.o
  CC      sound/soc/codecs/wcd9xxx-resmgr.o
  CC      drivers/clk/qcom/clock-rpm-8916.o
  CC      mm/swapfile.o
  CC      lib/mpi/generic_mpih-mul2.o
  CC      crypto/algif_skcipher.o
  CC      drivers/clk/qcom/clock-gcc-8916.o
  CC      fs/configfs/mount.o
  CC      net/core/utils.o
  CC      lib/mpi/generic_mpih-mul3.o
  CC      net/ipv6/addrlabel.o
  CC      kernel/bpf/helpers.o
  CC      net/bluetooth/rfcomm/tty.o
  CC      drivers/char/diag/diag_debugfs.o
  CC      fs/configfs/item.o
  CC      sound/soc/codecs/wcd9xxx-mbhc.o
  CC      lib/mpi/generic_mpih-rshift.o
  CC      drivers/clk/qcom/clock-rpm-8936.o
  CC      net/ipv4/inet_hashtables.o
  CC      kernel/bpf/hashtab.o
  CC      crypto/asymmetric_keys/asymmetric_type.o
  LD      fs/configfs/configfs.o
  LD      fs/configfs/built-in.o
  CC      lib/mpi/generic_mpih-sub1.o
  CC      net/core/link_watch.o
  CC      drivers/clk/qcom/clock-gcc-8936.o
  LD      drivers/char/diag/diagchar.o
  CC      fs/crypto/crypto.o
  LD      drivers/char/diag/built-in.o
  CC      mm/dmapool.o
  CC      drivers/char/hw_random/core.o
  CC      lib/mpi/generic_mpih-add1.o
  CC      net/ipv6/route.o
  CC      crypto/asymmetric_keys/signature.o
  LD      net/bluetooth/rfcomm/rfcomm.o
  LD      net/bluetooth/rfcomm/built-in.o
  LD      net/bluetooth/bluetooth.o
  LD      net/bluetooth/built-in.o
  CC      kernel/bpf/arraymap.o
  CC      drivers/clk/qcom/clock-a7.o
  CC      mm/sparse.o
  CC      net/core/filter.o
  CC      lib/mpi/mpicoder.o
  CC      fs/crypto/fname.o
  CC      net/ipv4/inet_timewait_sock.o
  CC      crypto/asymmetric_keys/x509-asn1.o
  CC      drivers/char/hw_random/msm_rng.o
  CC      crypto/asymmetric_keys/x509_rsakey-asn1.o
  CC      crypto/asymmetric_keys/x509_cert_parser.o
  CC      kernel/bpf/percpu_freelist.o
  CC      lib/mpi/mpi-bit.o
  CC      mm/sparse-vmemmap.o
  CC      drivers/clk/qcom/clock-cpu-8939.o
  CC      fs/crypto/hooks.o
  CC      drivers/char/hw_random/fips_drbg.o
  CC      lib/mpi/mpi-cmp.o
  CC      kernel/bpf/bpf_lru_list.o
  CC      crypto/asymmetric_keys/x509_public_key.o
  CC      net/ipv4/inet_connection_sock.o
  CC      mm/slub.o
  LD      sound/soc/davinci/built-in.o
  CC      fs/crypto/keyinfo.o
  CC      drivers/char/hw_random/ctr_drbg.o
  CC      lib/mpi/mpih-cmp.o
  CC      drivers/clocksource/clksrc-of.o
  CC      drivers/clk/qcom/clock-cpu-8936.o
  CC      kernel/bpf/lpm_trie.o
  CC      crypto/asymmetric_keys/public_key.o
  CC      drivers/clocksource/arm_arch_timer.o
  CC      lib/mpi/mpih-div.o
  CC      drivers/clk/qcom/gdsc.o
  CC      crypto/asymmetric_keys/rsa.o
  CC      fs/crypto/policy.o
  CC      drivers/char/hw_random/msm_fips_selftest.o
  CC      lib/mpi/mpih-mul.o
  CC      net/ipv4/tcp.o
  CC      sound/soc/codecs/wcd9306.o
  CC      net/core/sock_diag.o
  LD      drivers/clocksource/built-in.o
  CC      lib/reed_solomon/reed_solomon.o
  CC      net/ipv6/ip6_fib.o
  CC      kernel/bpf/map_in_map.o
  LD      crypto/asymmetric_keys/x509_key_parser.o
  LD      crypto/asymmetric_keys/asymmetric_keys.o
  LD      crypto/asymmetric_keys/built-in.o
  CC      crypto/ablk_helper.o
  CC      fs/crypto/bio.o
  LD      drivers/char/hw_random/rng-core.o
  LD      drivers/char/hw_random/built-in.o
  CC      drivers/clk/qcom/mdss/mdss-pll-util.o
  CC      drivers/char/msm_smd_pkt.o
  LD      kernel/bpf/built-in.o
  CC      kernel/cpu/idle.o
  CC      lib/mpi/mpi-pow.o
  CC      mm/migrate.o
  LD      crypto/crypto.o
  LD      crypto/built-in.o
  LD      lib/reed_solomon/built-in.o
  CC      drivers/clk/qcom/mdss/mdss-pll.o
  LD      fs/crypto/fscrypto.o
  LD      fs/crypto/built-in.o
  CC      net/ipv6/ipv6_sockglue.o
  CC      net/core/dev_ioctl.o
  CC      fs/debugfs/inode.o
  LD      sound/synth/built-in.o
  CC      net/ipv6/ndisc.o
  LD      kernel/cpu/built-in.o
  CC      lib/mpi/mpiutil.o
  CC      kernel/events/core.o
  CC      drivers/clk/qcom/mdss/mdss-dsi-pll-util.o
  CC      fs/debugfs/file.o
  CC      kernel/irq/irqdesc.o
  LD      drivers/char/built-in.o
  CC      mm/memcontrol.o
  CC      net/core/flow.o
  CC      drivers/cpufreq/cpufreq.o
  LD      lib/mpi/mpi.o
  LD      lib/mpi/built-in.o
  CC      lib/zlib_deflate/deflate.o
  CC      drivers/clk/qcom/mdss/mdss-dsi-20nm-pll-util.o
  CC      kernel/irq/handle.o
  LD      fs/debugfs/debugfs.o
  LD      fs/debugfs/built-in.o
  CC      drivers/clk/qcom/mdss/mdss-dsi-pll-28hpm.o
  CC      fs/devpts/inode.o
  CC      net/ipv4/tcp_input.o
  CC      net/core/net-sysfs.o
  CC      net/ipv6/udp.o
  CC      kernel/irq/manage.o
  CC      lib/zlib_deflate/deftree.o
  CC      drivers/cpufreq/freq_table.o
  CC      drivers/clk/qcom/mdss/mdss-dsi-pll-28lpm.o
  CC      sound/soc/codecs/wcd9306-tables.o
  LD      fs/devpts/devpts.o
  LD      sound/soc/dwc/built-in.o
  LD      fs/devpts/built-in.o
  CC      mm/page_cgroup.o
  CC      fs/exfat/exfat_core.o
  CC      drivers/clk/qcom/mdss/mdss-dsi-pll-20nm.o
  CC      drivers/cpufreq/cpufreq_stats.o
  CC      sound/soc/codecs/wcd9330.o
  CC      lib/zlib_deflate/deflate_syms.o
  CC      kernel/irq/spurious.o
  CC      drivers/clk/qcom/mdss/mdss-edp-pll-28hpm.o
  CC      net/core/net-procfs.o
  LD      lib/zlib_deflate/zlib_deflate.o
  LD      lib/zlib_deflate/built-in.o
  CC      sound/usb/card.o
  CC      lib/zlib_inflate/inffast.o
  CC      drivers/cpufreq/cpufreq_performance.o
  CC      lib/zlib_inflate/inflate.o
  CC      mm/page_isolation.o
  CC      kernel/irq/resend.o
  CC      net/ipv6/udplite.o
  CC      drivers/clk/qcom/mdss/mdss-hdmi-pll-28hpm.o
  CC      drivers/cpufreq/cpufreq_powersave.o
  CC      kernel/irq/chip.o
  CC      net/core/fib_rules.o
  CC      mm/zsmalloc.o
  CC      sound/usb/clock.o
  CC      lib/zlib_inflate/infutil.o
  CC      drivers/cpufreq/cpufreq_userspace.o
  CC      net/ipv6/raw.o
  CC      drivers/clk/qcom/mdss/mdss-hdmi-pll-20nm.o
  CC      drivers/cpufreq/cpufreq_ondemand.o
  CC      kernel/irq/dummychip.o
  CC      lib/zlib_inflate/inftrees.o
  CC      sound/usb/endpoint.o
  CC      net/ipv4/tcp_output.o
  CC      lib/zlib_inflate/inflate_syms.o
  CC      kernel/irq/devres.o
  LD      net/core/built-in.o
  LD      drivers/clk/qcom/mdss/built-in.o
  LD      drivers/clk/qcom/built-in.o
  CC      mm/early_ioremap.o
  LD      drivers/clk/built-in.o
  CC      net/key/af_key.o
  CC      kernel/events/ring_buffer.o
  CC      fs/exfat/exfat_super.o
  CC      kernel/power/qos.o
  LD      lib/zlib_inflate/zlib_inflate.o
  LD      lib/zlib_inflate/built-in.o
  CC      lib/textsearch.o
  CC      kernel/irq/autoprobe.o
  CC      drivers/cpufreq/cpufreq_interactive.o
  CC      mm/process_reclaim.o
  CC      sound/usb/format.o
  CC      net/ipv6/icmp.o
  CC      kernel/events/callchain.o
  CC      lib/ts_kmp.o
  CC      kernel/irq/irqdomain.o
  LD      mm/built-in.o
  CC      sound/soc/codecs/wcd9330-tables.o
  CC      kernel/power/main.o
  LD      sound/soc/fsl/built-in.o
  LD      fs/exofs/built-in.o
  LD      sound/soc/generic/built-in.o
  LD      kernel/events/built-in.o
  CC      lib/ts_bm.o
  CC      sound/soc/codecs/wcdcal-hwdep.o
  CC      sound/usb/helper.o
  CC      net/ipv4/tcp_timer.o
  CC      fs/exfat/exfat_api.o
  CC      kernel/irq/proc.o
  CC      sound/soc/codecs/wcd9335.o
  CC      drivers/cpufreq/cpufreq_governor.o
  CC      lib/ts_fsm.o
  CC      sound/usb/mixer.o
  CC      kernel/irq/pm.o
  CC      kernel/power/process.o
  CC      net/ipv6/mcast.o
  LD      net/key/built-in.o
  CC      sound/last.o
/root/los20/kernel/oppo/msm8939/kernel/irq/pm.c: In function 'check_wakeup_irqs':
/root/los20/kernel/oppo/msm8939/kernel/irq/pm.c:103:7: warning: unused variable 'suspend_abort' [-Wunused-variable]
  char suspend_abort[MAX_SUSPEND_ABORT_LEN];
       ^
  CC      fs/exfat/exfat_blkdev.o
  CC      lib/percpu_counter.o
  LD      kernel/irq/built-in.o
  CC      drivers/cpuidle/cpuidle.o
  LD      sound/soc/jz4740/built-in.o
  CC      sound/soc/codecs/wcd9xxx-common-v2.o
  CC      drivers/cpufreq/cpu-boost.o
  CC      kernel/power/suspend.o
  CC      net/l2tp/l2tp_core.o
  CC      fs/ext4/balloc.o
  CC      fs/exfat/exfat_cache.o
  CC      lib/audit.o
  CC      drivers/cpuidle/driver.o
  CC      net/ipv4/tcp_ipv4.o
  CC      drivers/cpufreq/qcom-cpufreq.o
  CC      kernel/power/autosleep.o
  CC      lib/swiotlb.o
  CC      drivers/cpuidle/governor.o
  CC      fs/ext4/bitmap.o
  CC      fs/exfat/exfat_data.o
  CC      kernel/power/wakelock.o
  LD      sound/soc/kirkwood/built-in.o
  LD      sound/soc/mid-x86/built-in.o
  CC      drivers/cpuidle/sysfs.o
  CC      sound/usb/mixer_quirks.o
  CC      kernel/rcu/update.o
  CC      drivers/cpufreq/cpufreq_persistent_stats.o
  CC      net/ipv6/reassembly.o
  CC      fs/exfat/exfat_bitmap.o
  CC      fs/ext4/dir.o
  CC      fs/exfat/exfat_nls.o
  CC      kernel/power/suspend_time.o
  CC      lib/iommu-helper.o
  CC      net/l2tp/l2tp_ppp.o
  CC      drivers/cpuidle/governors/ladder.o
  CC      lib/syscall.o
  CC      kernel/rcu/srcu.o
  LD      drivers/cpufreq/built-in.o
  CC      kernel/power/poweroff.o
  CC      sound/usb/pcm.o
  CC      fs/exfat/exfat_oal.o
  LD      sound/soundcore.o
  CC      lib/dynamic_debug.o
  CC      drivers/cpuidle/governors/menu.o
  CC      kernel/power/wakeup_reason.o
  CC      fs/ext4/file.o
  CC      net/llc/llc_core.o
  CC      net/ipv6/tcp_ipv6.o
  CC      kernel/rcu/tree.o
  CC      fs/exfat/exfat_upcase.o
  LD      drivers/cpuidle/governors/built-in.o
  CC      drivers/cpuidle/lpm-levels.o
  LD      kernel/power/built-in.o
  CC      net/ipv6/ping.o
  CC      net/llc/llc_input.o
  LD      net/l2tp/built-in.o
  CC      net/ipv6/exthdrs.o
  CC      fs/ext4/fsync.o
  CC      sound/usb/proc.o
  CC      net/ipv4/tcp_minisocks.o
  LD      fs/exfat/exfat.o
  LD      fs/exfat/built-in.o
  CC      sound/usb/quirks.o
  CC      sound/soc/codecs/wcd9xxx-resmgr-v2.o
  CC      lib/nlattr.o
  CC      net/llc/llc_output.o
  CC      sound/soc/msm/msm-cpe-lsm.o
  CC      fs/ext4/ialloc.o
  CC      drivers/cpuidle/lpm-levels-of.o
  LD      sound/soc/mxs/built-in.o
  CC      drivers/crypto/msm/qcedev.o
  CC      sound/soc/codecs/ts4621.o
  CC      sound/usb/stream.o
  CC      lib/checksum.o
  CC      sound/soc/msm/msm-pcm-hostless.o
  LD      net/llc/llc.o
  LD      net/llc/built-in.o
  CC      sound/soc/msm/msm8x16.o
  CC      net/ipv6/datagram.o
  CC      lib/cpu_rmap.o
  CC      net/ipv4/tcp_cong.o
  CC      drivers/cpuidle/lpm-workarounds.o
  CC      sound/soc/codecs/wcd_cpe_services.o
  LD      kernel/rcu/built-in.o
  CC      sound/usb/midi.o
  CC      kernel/sched/core.o
  CC      lib/dynamic_queue_limits.o
  CC      fs/f2fs/dir.o
  CC      fs/ext4/inode.o
  LD      drivers/cpuidle/built-in.o
  CC      drivers/devfreq/devfreq.o
  CC      lib/clz_tab.o
In file included from /root/los20/kernel/oppo/msm8939/kernel/sched/stats.h:1:0,
                 from /root/los20/kernel/oppo/msm8939/kernel/sched/sched.h:706,
                 from /root/los20/kernel/oppo/msm8939/kernel/sched/core.c:86:
/root/los20/kernel/oppo/msm8939/include/linux/psi.h:16:22: warning: "/*" within comment [-Wcomment]
  *     /proc/pressure/*, bukan tekanan per-cgroup. Lihat PLAN-PSI-EBPF.md §2:
 ^
  LD      sound/soc/nuc900/built-in.o
  CC      drivers/crypto/msm/qce50.o
  CC      sound/soc/codecs/wcd_cpe_core.o
  CC      lib/qmi_encdec.o
  CC      net/ipv6/ip6_flowlabel.o
  CC      net/ipv4/tcp_metrics.o
  CC      fs/f2fs/file.o
  CC      sound/soc/msm/msm8939-slimbus.o
  CC      drivers/devfreq/devfreq_trace.o
  LD      sound/usb/6fire/built-in.o
  LD      sound/usb/caiaq/built-in.o
  LD      sound/usb/misc/built-in.o
  LD      sound/usb/usx2y/built-in.o
  LD      sound/usb/snd-usb-audio.o
  LD      sound/usb/snd-usbmidi-lib.o
  LD      sound/usb/built-in.o
  CC      lib/strncpy_from_user.o
  CC      fs/fat/cache.o
  CC      drivers/devfreq/governor_simpleondemand.o
  CC      net/ipv6/inet6_connection_sock.o
  CC      lib/strnlen_user.o
  CC      drivers/devfreq/governor_performance.o
  CC      fs/fat/dir.o
  CC      lib/asn1_decoder.o
  CC      net/ipv4/tcp_fastopen.o
  CC      net/netfilter/core.o
  CC      drivers/devfreq/governor_powersave.o
  CC      sound/soc/msm/msm-audio-pinctrl.o
  CC      net/ipv6/sysctl_net_ipv6.o
  CC      lib/oid_registry.o
  CC      sound/soc/codecs/wcd-mbhc-v2.o
  CC      fs/ext4/page-io.o
  CC      drivers/devfreq/governor_userspace.o
  CC      net/ipv4/datagram.o
  CC      sound/soc/msm/msm-dai-fe.o
  CC      lib/argv_split.o
  CC      drivers/crypto/msm/compat_qcedev.o
  CC      net/netfilter/nf_log.o
  CC      net/ipv6/xfrm6_policy.o
  CC      fs/f2fs/inode.o
  CC      drivers/devfreq/governor_cpufreq.o
  CC      lib/bug.o
  CC      fs/fat/fatent.o
  CC      fs/ext4/ioctl.o
  CC      net/ipv4/raw.o
  CC      sound/soc/msm/qdsp6v2/msm-dai-q6-v2.o
  CC      lib/chacha.o
  CC      kernel/sched/clock.o
  CC      net/netfilter/nf_queue.o
  CC      drivers/crypto/msm/qcrypto.o
  CC      drivers/devfreq/governor_msm_adreno_tz.o
  CC      net/ipv6/xfrm6_state.o
  CC      lib/cmdline.o
  CC      kernel/sched/cputime.o
  CC      fs/f2fs/namei.o
  CC      fs/fat/file.o
  CC      lib/cpumask.o
  CC      fs/ext4/namei.o
  CC      sound/soc/codecs/wsa881x.o
In file included from /root/los20/kernel/oppo/msm8939/kernel/sched/stats.h:1:0,
                 from /root/los20/kernel/oppo/msm8939/kernel/sched/sched.h:706,
                 from /root/los20/kernel/oppo/msm8939/kernel/sched/cputime.c:8:
/root/los20/kernel/oppo/msm8939/include/linux/psi.h:16:22: warning: "/*" within comment [-Wcomment]
  *     /proc/pressure/*, bukan tekanan per-cgroup. Lihat PLAN-PSI-EBPF.md §2:
 ^
  CC      drivers/devfreq/bimc-bwmon.o
  CC      lib/ctype.o
  CC      kernel/sched/idle_task.o
  CC      net/ipv6/xfrm6_input.o
  CC      net/netfilter/nf_sockopt.o
  CC      lib/dec_and_lock.o
  CC      net/ipv4/udp.o
  CC      fs/fat/inode.o
  CC      lib/decompress.o
In file included from /root/los20/kernel/oppo/msm8939/kernel/sched/stats.h:1:0,
                 from /root/los20/kernel/oppo/msm8939/kernel/sched/sched.h:706,
                 from /root/los20/kernel/oppo/msm8939/kernel/sched/idle_task.c:1:
/root/los20/kernel/oppo/msm8939/include/linux/psi.h:16:22: warning: "/*" within comment [-Wcomment]
  *     /proc/pressure/*, bukan tekanan per-cgroup. Lihat PLAN-PSI-EBPF.md §2:
 ^
  CC      drivers/devfreq/governor_bw_hwmon.o
  CC      fs/f2fs/hash.o
  CC      lib/decompress_bunzip2.o
  CC      kernel/sched/fair.o
  CC      sound/soc/codecs/wsa881x-tables.o
  CC      sound/soc/msm/qdsp6v2/msm-pcm-q6-v2.o
  CC      net/ipv6/xfrm6_output.o
  CC      net/netfilter/nf_conntrack_core.o
In file included from /root/los20/kernel/oppo/msm8939/kernel/sched/stats.h:1:0,
                 from /root/los20/kernel/oppo/msm8939/kernel/sched/sched.h:706,
                 from /root/los20/kernel/oppo/msm8939/kernel/sched/fair.c:35:
/root/los20/kernel/oppo/msm8939/include/linux/psi.h:16:22: warning: "/*" within comment [-Wcomment]
  *     /proc/pressure/*, bukan tekanan per-cgroup. Lihat PLAN-PSI-EBPF.md §2:
 ^
  CC      fs/f2fs/super.o
  CC      sound/soc/codecs/wsa881x-regmap.o
  CC      drivers/devfreq/governor_gpubw_mon.o
  CC      lib/decompress_inflate.o
In file included from /root/los20/kernel/oppo/msm8939/include/uapi/linux/posix_types.h:4:0,
                 from /root/los20/kernel/oppo/msm8939/include/uapi/linux/types.h:13,
                 from /root/los20/kernel/oppo/msm8939/include/linux/types.h:5,
                 from /root/los20/kernel/oppo/msm8939/include/linux/list.h:4,
                 from /root/los20/kernel/oppo/msm8939/include/linux/module.h:9,
                 from /root/los20/kernel/oppo/msm8939/fs/f2fs/super.c:11:
/root/los20/kernel/oppo/msm8939/fs/f2fs/super.c: In function 'f2fs_drop_inode':
/root/los20/kernel/oppo/msm8939/include/linux/stddef.h:7:14: warning: passing argument 3 of 'f2fs_submit_merged_write_cond' makes integer from pointer without a cast
 #define NULL ((void *)0)
              ^
/root/los20/kernel/oppo/msm8939/fs/f2fs/super.c:730:13: note: in expansion of macro 'NULL'
      inode, NULL, 0, DATA);
             ^
In file included from /root/los20/kernel/oppo/msm8939/fs/f2fs/super.c:33:0:
/root/los20/kernel/oppo/msm8939/fs/f2fs/f2fs.h:2838:6: note: expected 'nid_t' but argument is of type 'void *'
 void f2fs_submit_merged_write_cond(struct f2fs_sb_info *sbi,
      ^
  CC      fs/fat/misc.o
/root/los20/kernel/oppo/msm8939/fs/f2fs/super.c: In function 'init_f2fs_fs':
/root/los20/kernel/oppo/msm8939/fs/f2fs/super.c:2948:1: warning: label 'free_sysfs' defined but not used [-Wunused-label]
 free_sysfs:
 ^
  CC      sound/soc/codecs/wsa881x-temp-sensor.o
  CC      net/ipv6/netfilter.o
  CC      drivers/devfreq/governor_bw_vbif.o
  CC      fs/ext4/super.o
  CC      lib/decompress_unlzma.o
  LD      drivers/crypto/msm/built-in.o
  LD      drivers/crypto/built-in.o
  CC      fs/ext4/symlink.o
  CC      drivers/devfreq/devfreq_devbw.o
  CC      sound/soc/codecs/msm8916-wcd-irq.o
  CC      sound/soc/msm/qdsp6v2/msm-pcm-routing-v2.o
  CC      fs/fat/nfs.o
  CC      net/ipv4/udplite.o
  CC      net/ipv6/fib6_rules.o
  CC      lib/dump_stack.o
  CC      net/netfilter/nf_conntrack_standalone.o
  CC      drivers/devfreq/devfreq_simple_dev.o
  CC      fs/fat/namei_msdos.o
  CC      fs/f2fs/inline.o
  CC      lib/earlycpio.o
  CC      net/ipv4/arp.o
  LD      sound/soc/codecs/snd-soc-wcd-mbhc.o
  LD      sound/soc/codecs/snd-soc-wcd-cpe.o
  LD      sound/soc/codecs/snd-soc-wsa881x.o
  CC      lib/extable.o
  CC      lib/fdt.o
  LD      sound/soc/codecs/snd-soc-msm-stub.o
  LD      drivers/devfreq/built-in.o
  LD      sound/soc/codecs/snd-soc-ts4621.o
  LD      sound/soc/codecs/audio-ext-clock.o
  LD      sound/soc/codecs/snd-soc-msm8x16-wcd.o
  CC      drivers/dma/dmaengine.o
  LD      sound/soc/codecs/built-in.o
  CC      net/ipv6/proc.o
  CC      net/netfilter/nf_conntrack_expect.o
  LD      drivers/firewire/built-in.o
  CC      kernel/sched/rt.o
  CC      kernel/time/timekeeping.o
  CC      lib/fdt_ro.o
  CC      fs/fat/namei_vfat.o
In file included from /root/los20/kernel/oppo/msm8939/kernel/sched/stats.h:1:0,
                 from /root/los20/kernel/oppo/msm8939/kernel/sched/sched.h:706,
                 from /root/los20/kernel/oppo/msm8939/kernel/sched/rt.c:6:
/root/los20/kernel/oppo/msm8939/include/linux/psi.h:16:22: warning: "/*" within comment [-Wcomment]
  *     /proc/pressure/*, bukan tekanan per-cgroup. Lihat PLAN-PSI-EBPF.md §2:
 ^
  CC      fs/f2fs/checkpoint.o
  CC      lib/fdt_rw.o
  CC      drivers/dma/of-dma.o
  CC      net/ipv6/ah6.o
  CC      net/netfilter/nf_conntrack_helper.o
  LD      fs/fat/fat.o
  LD      fs/fat/vfat.o
  LD      fs/fat/msdos.o
  CC      net/ipv4/icmp.o
  LD      fs/fat/built-in.o
  CC      lib/fdt_strerror.o
  CC      kernel/time/ntp.o
  CC      net/ipv6/esp6.o
  CC      sound/soc/msm/qdsp6v2/msm-compress-q6-v2.o
  CC      lib/fdt_sw.o
  CC      drivers/dma/qcom-sps-dma.o
  CC      fs/ext4/hash.o
  CC      net/netfilter/nf_conntrack_proto.o
  CC      kernel/sched/stop_task.o
  CC      lib/fdt_wip.o
  CC      lib/flex_proportions.o
In file included from /root/los20/kernel/oppo/msm8939/kernel/sched/stats.h:1:0,
                 from /root/los20/kernel/oppo/msm8939/kernel/sched/sched.h:706,
                 from /root/los20/kernel/oppo/msm8939/kernel/sched/stop_task.c:1:
/root/los20/kernel/oppo/msm8939/include/linux/psi.h:16:22: warning: "/*" within comment [-Wcomment]
  *     /proc/pressure/*, bukan tekanan per-cgroup. Lihat PLAN-PSI-EBPF.md §2:
 ^
  CC      kernel/time/clocksource.o
  CC      kernel/freezer.o
  CC      net/netfilter/nf_conntrack_l3proto_generic.o
  LD      drivers/dma/built-in.o
  CC      fs/ext4/resize.o
  LD      drivers/firmware/built-in.o
  CC      kernel/sched/sched_avg.o
  CC      fs/f2fs/gc.o
  CC      drivers/gpio/devres.o
  CC      lib/idr.o
  CC      net/ipv6/ipcomp6.o
  CC      fs/ext4/extents.o
  CC      net/ipv4/devinet.o
In file included from /root/los20/kernel/oppo/msm8939/kernel/sched/stats.h:1:0,
                 from /root/los20/kernel/oppo/msm8939/kernel/sched/sched.h:706,
                 from /root/los20/kernel/oppo/msm8939/kernel/sched/sched_avg.c:23:
/root/los20/kernel/oppo/msm8939/include/linux/psi.h:16:22: warning: "/*" within comment [-Wcomment]
  *     /proc/pressure/*, bukan tekanan per-cgroup. Lihat PLAN-PSI-EBPF.md §2:
 ^
  CC      drivers/gpio/gpiolib.o
  LD      drivers/gpu/drm/i2c/built-in.o
  CC      kernel/sched/psi.o
  CC      kernel/time/jiffies.o
  LD      drivers/gpu/drm/built-in.o
  CC      net/netfilter/nf_conntrack_proto_generic.o
  CC      lib/int_sqrt.o
In file included from /root/los20/kernel/oppo/msm8939/kernel/sched/psi.c:141:0:
/root/los20/kernel/oppo/msm8939/include/linux/psi.h:16:22: warning: "/*" within comment [-Wcomment]
  *     /proc/pressure/*, bukan tekanan per-cgroup. Lihat PLAN-PSI-EBPF.md §2:
 ^
/root/los20/kernel/oppo/msm8939/kernel/sched/psi.c:940:71: warning: "/*" within comment [-Wcomment]
  * css_set), yang tidak ada di 3.10. lmkd hanya membaca /proc/pressure/*
 ^
  CC      net/ipv6/xfrm6_tunnel.o
  CC      kernel/time/timer_list.o
  CC      lib/ioremap.o
  CC      drivers/gpu/msm/adreno_ringbuffer.o
  CC      net/netfilter/nf_conntrack_proto_tcp.o
  CC      fs/f2fs/data.o
  CC      sound/soc/msm/qdsp6v2/msm-pcm-lpa-v2.o
  CC      sound/soc/msm/qdsp6v2/msm-pcm-afe-v2.o
  CC      lib/irq_regs.o
  CC      kernel/sched/cpupri.o
  CC      drivers/gpio/gpiolib-of.o
  CC      lib/is_single_threaded.o
  CC      kernel/time/timeconv.o
  CC      net/ipv4/af_inet.o
  CC      kernel/sched/cpuacct.o
  CC      net/ipv6/tunnel6.o
  CC      lib/klist.o
  CC      kernel/time/posix-clock.o
  CC      drivers/gpio/qpnp-pin.o
In file included from /root/los20/kernel/oppo/msm8939/kernel/sched/stats.h:1:0,
                 from /root/los20/kernel/oppo/msm8939/kernel/sched/sched.h:706,
                 from /root/los20/kernel/oppo/msm8939/kernel/sched/cpuacct.c:11:
/root/los20/kernel/oppo/msm8939/include/linux/psi.h:16:22: warning: "/*" within comment [-Wcomment]
  *     /proc/pressure/*, bukan tekanan per-cgroup. Lihat PLAN-PSI-EBPF.md §2:
 ^
  CC      drivers/gpu/msm/adreno_drawctxt.o
  CC      fs/f2fs/node.o
  CC      sound/soc/msm/qdsp6v2/msm-pcm-voip-v2.o
  LD      kernel/sched/built-in.o
  CC      drivers/gpu/vga/vgaarb.o
  CC      net/netfilter/nf_conntrack_proto_udp.o
  CC      lib/kobject.o
  CC      net/ipv6/xfrm6_mode_transport.o
  CC      fs/ext4/ext4_jbd2.o
  CC      kernel/time/alarmtimer.o
  CC      drivers/gpio/gpio-msm-smp2p.o
  CC      drivers/gpu/msm/adreno_dispatch.o
  CC      net/netfilter/nf_conntrack_extend.o
  CC      lib/kobject_uevent.o
  CC      fs/ext4/migrate.o
  CC      net/ipv4/igmp.o
  CC      net/ipv6/xfrm6_mode_tunnel.o
  CC      kernel/time/clockevents.o
  LD      drivers/gpu/vga/built-in.o
  LD      sound/soc/omap/built-in.o
  CC      sound/soc/msm/qdsp6v2/msm-pcm-voice-v2.o
  CC      net/netfilter/nf_conntrack_acct.o
  LD      sound/soc/pxa/built-in.o
  CC      net/netfilter/nf_conntrack_ecache.o
  CC      drivers/gpio/gpio-msm-smp2p-test.o
  CC      lib/md5.o
  CC      kernel/time/tick-common.o
  CC      fs/ext4/mballoc.o
  LD      sound/soc/msm/snd-soc-qdsp6v2.o
  CC      net/ipv6/xfrm6_mode_beet.o
  CC      net/netfilter/nf_conntrack_h323_main.o
  CC      net/ipv4/fib_frontend.o
  CC      drivers/gpu/msm/adreno_snapshot.o
  CC      drivers/hid/hid-lg.o
  CC      lib/plist.o
  CC      sound/soc/msm/qdsp6v2/msm-dai-q6-hdmi-v2.o
  CC      lib/prio_heap.o
  CC      kernel/time/tick-broadcast.o
  CC      fs/f2fs/segment.o
  LD      drivers/gpio/built-in.o
  CC      kernel/profile.o
  CC      lib/proportions.o
  CC      net/ipv6/mip6.o
  CC      drivers/hid/hid-lgff.o
  CC      sound/soc/msm/qdsp6v2/msm-lsm-client.o
  CC      drivers/gpu/msm/adreno_coresight.o
  CC      drivers/hid/hid-lg2ff.o
  CC      kernel/time/tick-broadcast-hrtimer.o
  CC      lib/radix-tree.o
  CC      net/ipv4/fib_semantics.o
  CC      net/netlink/af_netlink.o
  CC      drivers/gpu/msm/adreno_trace.o
  CC      drivers/hid/hid-lg3ff.o
  CC      kernel/time/sched_clock.o
  CC      net/netfilter/nf_conntrack_h323_asn1.o
  LD      sound/soc/s6000/built-in.o
  CC      fs/ext4/block_validity.o
  CC      net/ipv6/netfilter/ip6_tables.o
  CC      drivers/gpu/msm/adreno_a3xx.o
  CC      kernel/time/tick-oneshot.o
  CC      drivers/hid/hid-lg4ff.o
  CC      lib/ratelimit.o
  CC      net/netfilter/nf_nat_core.o
  LD      sound/soc/msm/snd-soc-cpe.o
  CC      sound/soc/msm/qdsp6v2/msm-pcm-host-voice-v2.o
  CC      fs/f2fs/recovery.o
  CC      kernel/time/tick-sched.o
  CC      lib/rbtree.o
  CC      net/ipv4/fib_trie.o
  CC      lib/reciprocal_div.o
  CC      drivers/hid/hid-picolcd_core.o
  CC      fs/ext4/move_extent.o
  CC      lib/rwsem.o
  CC      drivers/gpu/msm/adreno_a4xx.o
  CC      net/netlink/genetlink.o
  CC      net/netfilter/nf_nat_proto_unknown.o
  LD      kernel/time/built-in.o
  CC      net/ipv6/netfilter/ip6table_filter.o
  CC      kernel/stacktrace.o
  LD      drivers/hsi/clients/built-in.o
  LD      drivers/hsi/built-in.o
  CC      drivers/hid/hid-picolcd_debugfs.o
  CC      sound/soc/msm/qdsp6v2/msm-audio-effects-q6-v2.o
  CC      lib/sha1.o
  CC      fs/f2fs/shrinker.o
  CC      net/ipv4/inet_fragment.o
  CC      kernel/futex.o
  CC      net/netfilter/nf_nat_proto_common.o
  CC      lib/show_mem.o
  CC      net/ipv6/netfilter/ip6table_mangle.o
  CC      drivers/gpu/msm/adreno_a3xx_snapshot.o
  CC      fs/ext4/mmp.o
  CC      fs/ext4/indirect.o
  CC      fs/f2fs/extent_cache.o
  CC      drivers/hid/hid-wiimote-core.o
  LD      net/netlink/built-in.o
  CC      kernel/futex_compat.o
  CC      lib/string.o
  CC      sound/soc/msm/qdsp6v2/msm-pcm-loopback-v2.o
  CC      net/netfilter/nf_nat_proto_udp.o
  CC      net/ipv4/ping.o
  CC      drivers/gpu/msm/adreno_a4xx_snapshot.o
  CC      kernel/rtmutex.o
  CC      lib/timerqueue.o
  LD      sound/soc/msm/snd-soc-msm8x16.o
  CC      lib/vsprintf.o
  CC      net/ipv6/netfilter/ip6table_raw.o
  CC      fs/f2fs/sysfs.o
  CC      net/netfilter/nf_nat_proto_tcp.o
  CC      drivers/hwmon/hwmon.o
  CC      sound/soc/msm/qdsp6v2/msm-dai-slim.o
  CC      fs/fuse/dev.o
  CC      drivers/hid/hid-wiimote-ext.o
  CC      drivers/gpu/msm/adreno.o
  CC      kernel/smp.o
  CC      fs/ext4/extents_status.o
  CC      net/ipv6/netfilter/nf_conntrack_l3proto_ipv6.o
  CC      drivers/hwmon/qpnp-adc-voltage.o
  CC      fs/f2fs/debug.o
  CC      net/ipv4/ip_tunnel.o
  CC      net/netfilter/nf_nat_helper.o
  CC      sound/soc/msm/qdsp6v2/msm-pcm-dtmf-v2.o
  CC      drivers/hid/hid-wiimote-debug.o
  CC      kernel/spinlock.o
  LD      lib/built-in.o
  AR      lib/lib.a
  CC      fs/ext4/xattr.o
  CC      drivers/gpu/msm/adreno_cp_parser.o
  CC      drivers/hid/hid-debug.o
  CC      net/ipv6/netfilter/nf_conntrack_proto_icmpv6.o
  CC      kernel/uid16.o
  CC      sound/soc/msm/qdsp6v2/msm-dai-stub-v2.o
  CC      fs/fuse/dir.o
  CC      net/netfilter/nfnetlink_queue_core.o
  CC      fs/f2fs/xattr.o
  CC      net/packet/af_packet.o
  CC      drivers/hwmon/qpnp-adc-common.o
  CC      drivers/gpu/msm/adreno_iommu.o
  CC      sound/soc/msm/qdsp6v2/msm-pcm-routing-devdep.o
  CC      drivers/hid/hid-core.o
  CC      kernel/kallsyms.o
  CC      net/ipv6/netfilter/nf_defrag_ipv6_hooks.o
  CC      net/ipv4/sysctl_net_ipv4.o
  CC      fs/ext4/xattr_user.o
  CC      fs/f2fs/acl.o
  CC      kernel/compat.o
  CC      sound/soc/msm/qdsp6v2/msm-dolby-dap-config.o
  CC      fs/fuse/file.o
  LD      drivers/hwmon/built-in.o
  CC      net/ipv4/sysfs_net_ipv4.o
  CC      drivers/gpu/msm/adreno_perfcounter.o
  CC      fs/ext4/xattr_trusted.o
  CC      net/ipv6/netfilter/nf_conntrack_reasm.o
  CC      net/netfilter/nfnetlink.o
  CC      net/rfkill/core.o
  LD      fs/f2fs/f2fs.o
  LD      fs/f2fs/built-in.o
  LD      sound/soc/samsung/built-in.o
  CC      net/ipv6/sit.o
  CC      fs/ext4/inline.o
  CC      drivers/gpu/msm/adreno_debugfs.o
  CC      net/ipv4/proc.o
  CC      sound/soc/msm/qdsp6v2/msm-ds2-dap-config.o
  LD      net/packet/built-in.o
  CC      kernel/cgroup.o
  LD      net/netfilter/nfnetlink_queue.o
  CC      sound/soc/msm/qdsp6v2/msm-dts-srs-tm-config.o
  CC      net/netfilter/nfnetlink_log.o
  CC      drivers/hid/hid-input.o
  CC      net/ipv6/netfilter/ip6t_rpfilter.o
  LD      net/rfkill/rfkill.o
  LD      net/rfkill/built-in.o
  CC      sound/soc/msm/qdsp6v2/msm-qti-pp-config.o
  CC      drivers/gpu/msm/adreno_profile.o
  CC      net/ipv4/fib_rules.o
  CC      net/ipv6/addrconf_core.o
  CC      net/ipv6/netfilter/ip6t_REJECT.o
  CC      fs/ext4/acl.o
  CC      fs/ext4/xattr_security.o
  LD      sound/soc/msm/snd-soc-hostless-pcm.o
  CC      fs/fuse/inode.o
  CC      net/ipv6/exthdrs_core.o
  LD      net/netfilter/nf_conntrack.o
  CC      net/netfilter/nf_conntrack_proto_dccp.o
  CC      drivers/gpu/msm/adreno_compat.o
  CC      sound/soc/msm/qdsp6v2/audio_calibration.o
  CC      net/ipv4/ah4.o
  CC      fs/jbd2/transaction.o
  CC      kernel/cgroup_freezer.o
  CC      drivers/hid/hidraw.o
  LD      fs/ext4/ext4.o
  LD      fs/ext4/built-in.o
  CC      fs/jbd2/commit.o
  CC      drivers/gpu/msm/kgsl.o
  CC      fs/jbd2/recovery.o
  LD      net/ipv6/netfilter/nf_conntrack_ipv6.o
  LD      net/ipv6/netfilter/nf_defrag_ipv6.o
  LD      net/ipv6/netfilter/built-in.o
  CC      fs/fuse/control.o
  CC      net/netfilter/nf_conntrack_proto_gre.o
  CC      net/ipv6/ip6_checksum.o
  CC      sound/soc/msm/qdsp6v2/audio_cal_utils.o
  CC      net/rmnet_data/rmnet_data_main.o
  CC      net/ipv4/esp4.o
  CC      drivers/hid/uhid.o
  CC      kernel/cpuset.o
  CC      fs/fuse/shortcircuit.o
  CC      net/ipv6/ip6_icmp.o
  CC      fs/jbd2/checkpoint.o
  CC      drivers/hwspinlock/hwspinlock_core.o
  CC      sound/soc/msm/qdsp6v2/q6adm.o
  CC      net/netfilter/nf_conntrack_proto_sctp.o
  CC      net/rmnet_data/rmnet_data_config.o
  LD      fs/fuse/fuse.o
  LD      fs/fuse/built-in.o
  CC      net/netfilter/nf_conntrack_proto_udplite.o
  LD      sound/soc/sh/built-in.o
  CC      drivers/gpu/msm/kgsl_trace.o
  CC      drivers/hid/hid-generic.o
  CC      net/ipv6/output_core.o
  CC      fs/jbd2/revoke.o
  CC      drivers/hwspinlock/msm_remote_spinlock.o
  CC      net/ipv4/tunnel4.o
  CC      drivers/hid/hid-a4tech.o
  CC      kernel/utsname.o
  CC      net/sched/sch_generic.o
  CC      net/sched/sch_mq.o
  LD      drivers/hwspinlock/built-in.o
  CC      kernel/pid_namespace.o
  CC      net/netfilter/nf_conntrack_netlink.o
  CC      net/ipv6/protocol.o
  CC      fs/jbd2/journal.o
  CC      net/rmnet_data/rmnet_data_vnd.o
  CC      drivers/hid/hid-axff.o
  CC      fs/nls/nls_base.o
  CC      net/ipv4/xfrm4_mode_transport.o
  CC      drivers/gpu/msm/kgsl_sharedmem.o
  CC      net/rmnet_data/rmnet_data_handlers.o
  CHK     kernel/config_data.h
  CC      kernel/res_counter.o
  CC      drivers/hid/hid-apple.o
  CC      fs/nls/nls_cp437.o
  CC      net/ipv6/ip6_offload.o
  CC      net/ipv4/xfrm4_mode_tunnel.o
  CC      fs/nls/nls_ascii.o
  CC      net/rmnet_data/rmnet_map_data.o
  CC      net/sched/sch_api.o
  CC      kernel/stop_machine.o
  CC      drivers/gpu/msm/kgsl_pwrctrl.o
  CC      drivers/hid/hid-belkin.o
  CC      net/ipv4/ipconfig.o
  CC      fs/nls/nls_iso8859-1.o
  CC      net/ipv6/tcpv6_offload.o
  CC      kernel/audit.o
  CC      drivers/hid/hid-cherry.o
  CC      net/rmnet_data/rmnet_map_command.o
  CC      fs/nls/nls_utf8.o
  CC      net/netfilter/nf_conntrack_amanda.o
  LD      fs/jbd2/jbd2.o
  CC      drivers/i2c/i2c-boardinfo.o
  LD      fs/jbd2/built-in.o
  CC      sound/soc/msm/qdsp6v2/q6afe.o
  CC      drivers/hid/hid-chicony.o
  LD      fs/nls/built-in.o
  CC      net/ipv6/udp_offload.o
  CC      fs/notify/fsnotify.o
  CC      net/rmnet_data/rmnet_data_stats.o
  CC      drivers/i2c/i2c-core.o
  CC      net/unix/af_unix.o
  CC      drivers/gpu/msm/kgsl_pwrscale.o
  CC      net/sched/sch_blackhole.o
  CC      net/netfilter/nf_conntrack_ftp.o
  CC      net/ipv4/netfilter.o
  CC      drivers/hid/hid-cypress.o
  CC      fs/notify/notification.o
  LD      net/rmnet_data/rmnet_data.o
  LD      net/rmnet_data/built-in.o
  CC      net/ipv6/exthdrs_offload.o
  CC      drivers/hid/hid-dr.o
  CC      drivers/gpu/msm/kgsl_mmu.o
  CC      net/sched/cls_api.o
  CC      kernel/auditfilter.o
  CC      net/wireguard/main.o
  CC      fs/notify/group.o
  CC      net/ipv4/netfilter/nf_conntrack_l3proto_ipv4_compat.o
  LD      net/netfilter/nf_conntrack_h323.o
  CC      net/netfilter/nf_conntrack_irc.o
  CC      drivers/hid/hid-emsff.o
  CC      drivers/i2c/i2c-dev.o
  CC      net/ipv6/inet6_hashtables.o
  CC      drivers/gpu/msm/kgsl_iommu.o
  CC      fs/notify/inode_mark.o
  CC      net/sched/act_api.o
  CC      drivers/hid/hid-elecom.o
  CC      net/unix/garbage.o
  CC      net/wireguard/noise.o
  CC      net/ipv4/netfilter/nf_conntrack_l3proto_ipv4.o
  CC      kernel/hung_task.o
  LD      drivers/i2c/algos/built-in.o
  CC      drivers/i2c/busses/i2c-msm-v2.o
  CC      net/netfilter/nf_conntrack_broadcast.o
  CC      fs/notify/mark.o
  LD      net/ipv6/ipv6.o
  CC      sound/soc/msm/qdsp6v2/q6asm.o
  LD      net/ipv6/built-in.o
  CC      drivers/gpu/msm/kgsl_snapshot.o
  CC      drivers/hid/hid-ezkey.o
  CC      kernel/seccomp.o
  CC      net/unix/sysctl_net_unix.o
  CC      net/sched/sch_fifo.o
  CC      fs/notify/vfsmount_mark.o
  CC      drivers/hid/hid-gyration.o
  CC      drivers/gpu/msm/kgsl_events.o
  CC      net/netfilter/nf_conntrack_netbios_ns.o
  CC      net/wireguard/device.o
  LD      sound/soc/tegra/built-in.o
  CC      net/ipv4/netfilter/nf_conntrack_proto_icmp.o
  CC      drivers/hid/hid-holtek-kbd.o
  CC      fs/notify/fdinfo.o
  LD      net/unix/unix.o
  LD      net/unix/built-in.o
  LD      drivers/idle/built-in.o
  CC      net/ipv4/inet_diag.o
  CC      kernel/utsname_sysctl.o
  CC      fs/proc/task_mmu.o
  CC      net/netfilter/nf_conntrack_pptp.o
  LD      drivers/i2c/busses/built-in.o
  LD      drivers/i2c/muxes/built-in.o
  CC      net/sched/sch_htb.o
  LD      drivers/i2c/built-in.o
  CC      drivers/gpu/msm/kgsl_debugfs.o
  CC      drivers/input/input.o
  CC      kernel/delayacct.o
  CC      drivers/hid/hid-holtekff.o
  CC      fs/notify/dnotify/dnotify.o
  CC      net/ipv4/netfilter/nf_nat_l3proto_ipv4.o
  CC      kernel/taskstats.o
  CC      drivers/gpu/msm/kgsl_sync.o
  CC      drivers/hid/hid-kensington.o
  CC      net/wireguard/peer.o
  LD      fs/notify/dnotify/built-in.o
  LD      fs/notify/fanotify/built-in.o
  CC      fs/proc/inode.o
  CC      fs/notify/inotify/inotify_fsnotify.o
  CC      net/netfilter/nf_conntrack_sane.o
  CC      drivers/hid/hid-keytouch.o
  CC      net/ipv4/tcp_diag.o
  CC      net/ipv4/netfilter/nf_nat_proto_icmp.o
  CC      fs/notify/inotify/inotify_user.o
  CC      net/sched/sch_ingress.o
  CC      drivers/gpu/msm/kgsl_compat.o
  CC      kernel/tsacct.o
  CC      fs/proc/root.o
  CC      drivers/hid/hid-kye.o
  CC      drivers/input/input-compat.o
  CC      net/wireguard/timers.o
  CC      net/netfilter/nf_conntrack_tftp.o
  CC      kernel/elfcore.o
  CC      net/sched/sch_prio.o
  CC      net/ipv4/netfilter/nf_defrag_ipv4.o
  CC      fs/proc/base.o
  CC      net/ipv4/udp_diag.o
  LD      drivers/gpu/msm/msm_kgsl_core.o
  CC      drivers/input/input-mt.o
  LD      drivers/gpu/msm/msm_adreno.o
  LD      fs/notify/inotify/built-in.o
  CC      drivers/hid/hid-lcpower.o
  LD      drivers/gpu/msm/built-in.o
  LD      fs/notify/built-in.o
  LD      drivers/gpu/built-in.o
  LD      sound/soc/txx9/built-in.o
  CC      net/wireguard/queueing.o
  CC      kernel/irq_work.o
  CC      net/wireless/core.o
  CC      net/wireguard/send.o
  LD      drivers/hid/hid-logitech.o
  LD      net/netfilter/nf_nat.o
  CC      drivers/hid/hid-logitech-dj.o
  CC      net/netfilter/nf_nat_proto_dccp.o
  CC      net/ipv4/netfilter/nf_nat_h323.o
  CC      drivers/input/ff-core.o
  CC      kernel/cpu_pm.o
  CC      net/wireguard/receive.o
  CC      net/sched/cls_u32.o
  CC      fs/proc/generic.o
  CC      kernel/configs.o
  CC      drivers/input/ff-memless.o
  CC      net/netfilter/nf_nat_proto_udplite.o
  CC      drivers/hid/hid-magicmouse.o
  CC      sound/soc/msm/qdsp6v2/q6audio-v2.o
  CC      drivers/input/serio/serio.o
  LD      kernel/built-in.o
  CC      net/wireless/sysfs.o
  CC      drivers/irqchip/irqchip.o
  CC      drivers/iommu/iommu.o
  CC      net/ipv4/netfilter/nf_nat_pptp.o
  CC      fs/proc/array.o
  CC      net/sched/cls_fw.o
  CC      sound/soc/msm/qdsp6v2/q6voice.o
  CC      drivers/irqchip/irq-gic.o
  CC      net/netfilter/nf_nat_proto_sctp.o
  CC      drivers/input/input-polldev.o
  CC      drivers/hid/hid-microsoft.o
  CC      drivers/input/serio/serport.o
  CC      net/wireguard/socket.o
  CC      net/wireless/radiotap.o
  CC      drivers/iommu/of_iommu.o
  CC      fs/proc/fd.o
  CC      net/ipv4/netfilter/nf_nat_proto_gre.o
  CC      net/sched/cls_flow.o
  CC      drivers/input/mousedev.o
  CC      drivers/hid/hid-monterey.o
  CC      drivers/iommu/msm_iommu.o
  CC      drivers/irqchip/irq-msm.o
  CC      net/netfilter/nf_nat_amanda.o
  CC      net/wireless/util.o
  CC      drivers/input/serio/libps2.o
  CC      fs/proc/proc_tty.o
  CC      net/ipv4/netfilter/ip_tables.o
  CC      drivers/irqchip/msm_show_resume_irq.o
  CC      drivers/iommu/msm_iommu_domains.o
  CC      drivers/hid/hid-multitouch.o
  CC      net/wireguard/peerlookup.o
  LD      drivers/irqchip/built-in.o
  CC      net/wireguard/allowedips.o
  LD      drivers/input/serio/built-in.o
  CC      fs/proc/cmdline.o
  CC      drivers/input/evdev.o
  CC      fs/pstore/inode.o
  CC      net/netfilter/nf_nat_ftp.o
  CC      net/sched/ematch.o
  CC      fs/proc/consoles.o
  CC      drivers/iommu/msm_iommu_mapping.o
  CC      drivers/hid/hid-ntrig.o
  CC      net/wireless/reg.o
  CC      fs/pstore/platform.o
  CC      net/netfilter/nf_nat_irc.o
  CC      fs/proc/cpuinfo.o
  CC      net/sched/em_cmp.o
  CC      net/wireguard/ratelimiter.o
  CC      drivers/input/joystick/xpad.o
  CC      drivers/iommu/msm_iommu-v1.o
  CC      net/ipv4/netfilter/iptable_filter.o
  CC      net/wireless/scan.o
  CC      drivers/hid/hid-ortek.o
  CC      fs/pstore/ram.o
  CC      fs/proc/devices.o
  CC      net/netfilter/nf_nat_tftp.o
  CC      net/sched/em_nbyte.o
  CC      drivers/hid/hid-prodikeys.o
  CC      net/ipv4/netfilter/iptable_mangle.o
  CC      fs/proc/interrupts.o
  LD      drivers/input/joystick/built-in.o
  CC      net/wireguard/cookie.o
  CC      drivers/input/keyboard/atkbd.o
  CC      net/sched/em_u32.o
  CC      net/netfilter/nf_tproxy_core.o
  CC      net/ipv4/tcp_cubic.o
  CC      fs/pstore/ram_core.o
  CC      fs/proc/loadavg.o
  CC      drivers/iommu/msm_iommu_dev-v1.o
  CC      drivers/hid/hid-pl.o
  CC      net/wireless/nl80211.o
  CC      net/ipv4/netfilter/iptable_nat.o
  CC      fs/proc/meminfo.o
  CC      net/sched/em_meta.o
  CC      sound/soc/msm/qdsp6v2/q6core.o
  CC      net/wireguard/netlink.o
  CC      fs/pstore/pmsg.o
  CC      drivers/input/keyboard/gpio_keys.o
  CC      net/netfilter/x_tables.o
  CC      drivers/iommu/msm_iommu_sec.o
  CC      drivers/hid/hid-petalynx.o
  CC      fs/proc/stat.o
  CC      net/xfrm/xfrm_policy.o
  LD      fs/pstore/ramoops.o
  LD      fs/pstore/pstore.o
  LD      fs/pstore/built-in.o
  CC      fs/proc/uptime.o
  CC      net/ipv4/netfilter/iptable_raw.o
  CC      sound/soc/msm/qdsp6v2/rtac.o
  CC      drivers/leds/led-core.o
  LD      drivers/hid/hid-picolcd.o
  CC      drivers/hid/hid-primax.o
  CC      net/sched/em_text.o
  CC      fs/proc/version.o
  LD      drivers/input/keyboard/built-in.o
  CC      net/wireguard/crypto/zinc/chacha20/chacha20.o
  CC      drivers/iommu/msm_iommu_pagetable.o
  CC      net/ipv4/netfilter/iptable_security.o
  CC      drivers/input/misc/gpio_event.o
  CC      fs/proc/softirqs.o
  CC      drivers/hid/hid-roccat.o
  CC      drivers/leds/led-class.o
  CC      net/netfilter/xt_tcpudp.o
  LD      net/sched/built-in.o
  CC      sound/soc/msm/qdsp6v2/q6lsm.o
  LD      drivers/iommu/built-in.o
  LD      sound/soc/ux500/built-in.o
  CC      net/wireless/mlme.o
  CC      fs/proc/namespaces.o
  CC      drivers/leds/led-triggers.o
  CC      drivers/input/misc/gpio_matrix.o
  CC      net/ipv4/netfilter/ipt_ah.o
  CC      drivers/hid/hid-roccat-common.o
  CC      net/ipv4/xfrm4_policy.o
  AS      net/wireguard/crypto/zinc/chacha20/chacha20-arm64.o
  CC      net/netfilter/xt_mark.o
  CC      net/wireguard/crypto/zinc/poly1305/poly1305.o
  CC      drivers/hid/hid-roccat-arvo.o
  CC      fs/proc/self.o
  CC      drivers/leds/leds-qpnp.o
  CC      net/xfrm/xfrm_state.o
  CC      drivers/input/misc/gpio_input.o
  CC      net/ipv4/netfilter/ipt_rpfilter.o
  CC      fs/proc/proc_sysctl.o
  CC      net/netfilter/xt_connmark.o
  CC      net/ipv4/netfilter/ipt_MASQUERADE.o
  CC      drivers/leds/leds-gpio.o
  CC      drivers/hid/hid-roccat-isku.o
  AS      net/wireguard/crypto/zinc/poly1305/poly1305-arm64.o
  CC      drivers/input/misc/gpio_output.o
  CC      net/wireguard/crypto/zinc/chacha20poly1305.o
  CC      sound/soc/msm/qdsp6v2/audio_slimslave.o
  CC      net/compat.o
  CC      fs/quota/dquot.o
  CC      net/netfilter/xt_nat.o
  CC      net/ipv4/netfilter/ipt_REJECT.o
  CC      drivers/input/misc/gpio_axis.o
  CC      drivers/hid/hid-roccat-kone.o
  LD      sound/soc/msm/qdsp6v2/snd-soc-qdsp6v2.o
  CC      fs/proc/proc_net.o
  LD      sound/soc/msm/qdsp6v2/built-in.o
  LD      sound/soc/msm/built-in.o
  LD      sound/soc/snd-soc-core.o
  LD      sound/soc/built-in.o
  CC      net/netfilter/xt_CLASSIFY.o
  CC      drivers/leds/leds-msm-gpio-flash.o
  CC      drivers/input/misc/hbtp_input.o
  LD      sound/built-in.o
  CC      net/ipv4/netfilter/arp_tables.o
  CC      net/xfrm/xfrm_hash.o
  LD      drivers/lguest/built-in.o
  CC      net/wireguard/crypto/zinc/blake2s/blake2s.o
  CC      drivers/input/touchscreen/synaptics_dsx/synaptics_dsx_i2c.o
  CC      fs/proc/proc_devtree.o
  CC      drivers/hid/hid-roccat-koneplus.o
  CC      drivers/leds/trigger/ledtrig-backlight.o
  CC      net/netfilter/xt_CONNSECMARK.o
  CC      net/xfrm/xfrm_input.o
  CC      drivers/input/misc/hbtp_vm.o
  CC      drivers/hid/hid-roccat-konepure.o
  CC      fs/proc/kmsg.o
  LD      drivers/input/touchscreen/synaptics_dsx/built-in.o
  LD      drivers/leds/trigger/built-in.o
  LD      drivers/leds/built-in.o
  CC      net/xfrm/xfrm_output.o
  CC      drivers/input/touchscreen/synaptics_oppo/synaptics_oppo_driver_3508.o
  CC      fs/quota/quota_v2.o
  CC      net/netfilter/xt_CT.o
  CC      drivers/input/keyreset.o
  CC      fs/proc/page.o
  CC      drivers/input/misc/keychord.o
  CC      drivers/hid/hid-roccat-kovaplus.o
  CC      net/ipv4/xfrm4_state.o
  CC      net/ipv4/netfilter/arpt_mangle.o
  CC      fs/quota/quota_tree.o
  CC      fs/ramfs/inode.o
  CC      net/xfrm/xfrm_sysctl.o
  LD      fs/proc/proc.o
  LD      fs/proc/built-in.o
  CC      net/wireguard/crypto/zinc/curve25519/curve25519.o
  CC      net/netfilter/xt_LOG.o
  CC      drivers/input/misc/kxtj9.o
  CC      net/netfilter/xt_NETMAP.o
  CC      net/wireless/ibss.o
  CC      drivers/hid/hid-roccat-lua.o
  CC      net/netfilter/xt_NFLOG.o
  CC      fs/ramfs/file-mmu.o
  CC      net/ipv4/netfilter/arptable_filter.o
  CC      fs/quota/quota.o
  CC      net/xfrm/xfrm_replay.o
  LD      fs/ramfs/ramfs.o
  LD      fs/ramfs/built-in.o
  LD      drivers/macintosh/built-in.o
  CC      drivers/input/keycombo.o
  CC      drivers/input/misc/uinput.o
  CC      drivers/hid/hid-roccat-pyra.o
  CC      drivers/input/misc/mmc3416x.o
  CC      net/wireguard/compat/siphash/siphash.o
  LD      net/ipv4/netfilter/nf_conntrack_ipv4.o
  CC      fs/quota/kqid.o
  LD      net/ipv4/netfilter/nf_nat_ipv4.o
  CC      net/wireless/sme.o
  LD      net/ipv4/netfilter/built-in.o
  CC      net/ipv4/xfrm4_input.o
  CC      net/netfilter/xt_NFQUEUE.o
  CC      net/xfrm/xfrm_proc.o
  CC      drivers/hid/hid-roccat-savu.o
  LD      fs/quota/built-in.o
  CC      drivers/input/touchscreen/synaptics_oppo/synaptics_oppo_driver_3203.o
  CC      fs/sdcardfs/dentry.o
  CC      drivers/md/dm-uevent.o
  CC      drivers/input/touchscreen/synaptics_oppo/synaptics_redremote.o
  CC      net/wireless/chan.o
  CC      net/ipv4/xfrm4_output.o
  CC      drivers/input/misc/akm8963.o
  CC      net/netfilter/xt_REDIRECT.o
  CC      net/xfrm/xfrm_algo.o
  CC      drivers/hid/hid-saitek.o
  CC      net/wireguard/compat/dst_cache/dst_cache.o
  CC      drivers/md/dm.o
  CC      fs/sdcardfs/file.o
  CC      drivers/md/dm-table.o
  CC      drivers/hid/hid-samsung.o
  LD      net/ipv4/built-in.o
  CC      net/wireguard/compat/udp_tunnel/udp_tunnel.o
  CC      net/netfilter/xt_SECMARK.o
  LD      drivers/media/common/b2c2/built-in.o
  CC      net/wireless/ethtool.o
  LD      drivers/media/common/saa7146/built-in.o
  CC      net/xfrm/xfrm_user.o
  LD      drivers/media/common/siano/built-in.o
  LD      drivers/media/common/built-in.o
  LD      drivers/media/firewire/built-in.o
  CC      drivers/input/misc/lis3dh_acc.o
  LD      drivers/media/i2c/soc_camera/built-in.o
  CC      fs/sdcardfs/inode.o
  LD      drivers/media/i2c/built-in.o
  LD      drivers/input/input-core.o
  CC      fs/sdcardfs/main.o
  LD      drivers/media/mmc/siano/built-in.o
  CC      drivers/hid/hid-sjoy.o
  LD      drivers/media/mmc/built-in.o
  LD      drivers/media/parport/built-in.o
  LD      drivers/media/pci/b2c2/built-in.o
  LD      drivers/media/pci/ddbridge/built-in.o
  LD      drivers/media/pci/dm1105/built-in.o
  LD      drivers/media/pci/mantis/built-in.o
  CC      net/netfilter/xt_TPROXY.o
  LD      drivers/media/pci/ngene/built-in.o
  LD      drivers/media/pci/pluto2/built-in.o
  LD      drivers/media/pci/pt1/built-in.o
  LD      drivers/media/pci/saa7146/built-in.o
  CC      net/sysctl_net.o
  LD      drivers/media/pci/ttpci/built-in.o
  LD      drivers/media/pci/built-in.o
  LD      drivers/media/platform/davinci/built-in.o
  CC      net/wireless/mesh.o
  LD      drivers/media/platform/msm/broadcast/built-in.o
  LD      net/wireguard/wireguard.o
  CC      drivers/media/platform/msm/camera_v2_oppo_51/msm.o
  LD      net/wireguard/built-in.o
  CC      drivers/media/platform/msm/camera_v2_oppo_51/camera/camera.o
  LD      drivers/input/touchscreen/synaptics_oppo/built-in.o
  CC      drivers/hid/hid-sony.o
  LD      drivers/input/touchscreen/built-in.o
  CC      fs/sdcardfs/super.o
  CC      drivers/media/platform/msm/vidc/msm_v4l2_vidc.o
  CC      drivers/md/dm-target.o
  CC      drivers/media/radio/radio-iris.o
  CC      fs/sdcardfs/lookup.o
  CC      drivers/hid/hid-speedlink.o
  CC      net/wireless/ap.o
  CC      drivers/md/dm-linear.o
  CC      net/netfilter/xt_TCPMSS.o
  CC      drivers/mfd/mfd-core.o
  LD      drivers/media/platform/msm/camera_v2_oppo_51/camera/built-in.o
  CC      drivers/input/misc/apds9921.o
  CC      fs/sysfs/inode.o
  CC      net/xfrm/xfrm_ipcomp.o
  CC      drivers/hid/hid-sunplus.o
  CC      drivers/media/platform/msm/vidc/msm_vidc_common.o
  CC      fs/sdcardfs/mmap.o
  CC      drivers/media/platform/msm/camera_v2_oppo_51/isp/msm_isp.o
  CC      drivers/md/dm-stripe.o
  CC      drivers/mfd/wcd9xxx-core.o
  CC      net/wireless/trace.o
  CC      net/netfilter/xt_TRACE.o
  CC      drivers/hid/hid-gaff.o
  CC      fs/sysfs/file.o
  CC      fs/sdcardfs/packagelist.o
  CC      drivers/media/platform/msm/camera_v2_oppo_51/isp/msm_buf_mgr.o
  LD      net/xfrm/built-in.o
  CC      net/activity_stats.o
  CC      drivers/md/dm-ioctl.o
  CC      net/wireless/regdb.o
  LD      drivers/input/misc/built-in.o
  LD      drivers/input/built-in.o
  CC      drivers/mfd/wcd9xxx-irq.o
  CC      drivers/hid/hid-tmff.o
  CC      net/netfilter/xt_IDLETIMER.o
  CC      fs/sysfs/dir.o
  CC      drivers/media/radio/radio-iris-transport.o
  LD      drivers/media/rc/keymaps/built-in.o
  LD      drivers/media/rc/built-in.o
  CC      fs/eventpoll.o
  CC      drivers/hid/hid-tivo.o
  CC      net/wireless/wext-core.o
  CC      fs/sdcardfs/derived_perm.o
  CC      drivers/media/platform/msm/camera_v2_oppo_51/isp/msm_isp_util.o
  LD      drivers/media/radio/built-in.o
  CC      drivers/hid/hid-topseed.o
  CC      drivers/md/dm-io.o
  CC      drivers/media/platform/msm/camera_v2_oppo_51/ispif/msm_ispif.o
  CC      drivers/mfd/wcd9xxx-slimslave.o
  CC      net/netfilter/xt_HARDIDLETIMER.o
  CC      fs/sysfs/symlink.o
  CC      drivers/hid/hid-twinhan.o
  CC      fs/anon_inodes.o
  CC      net/wireless/wext-proc.o
  CC      fs/sysfs/mount.o
  CC      drivers/md/dm-kcopyd.o
  CC      fs/signalfd.o
  LD      fs/sdcardfs/sdcardfs.o
  LD      fs/sdcardfs/built-in.o
  CC      drivers/media/platform/msm/vidc/msm_vidc.o
  CC      drivers/mfd/wcd9xxx-core-resource.o
  CC      drivers/hid/hid-uclogic.o
  CC      net/netfilter/xt_comment.o
  CC      fs/timerfd.o
  CC      net/wireless/wext-spy.o
  LD      drivers/media/platform/msm/camera_v2_oppo_51/ispif/built-in.o
  CC      net/wireless/wext-priv.o
  CC      drivers/media/platform/msm/camera_v2_oppo_51/isp/msm_isp_axi_util.o
  CC      fs/sysfs/bin.o
  CC      drivers/mfd/wcd9335-regmap.o
  CC      fs/eventfd.o
  CC      drivers/hid/hid-zpff.o
  CC      net/netfilter/xt_connlimit.o
  CC      drivers/media/platform/msm/camera_v2_oppo_51/isp/msm_isp_stats_util.o
  CC      drivers/md/dm-sysfs.o
  CC      drivers/media/tuners/tuner-xc2028.o
  CC      drivers/mfd/wcd9335-tables.o
  CC      drivers/media/platform/msm/camera_v2_oppo_51/isp/msm_isp47.o
  CC      fs/sysfs/group.o
  LD      drivers/mfd/built-in.o
  LD      net/wireless/cfg80211.o
  LD      net/wireless/built-in.o
  CC      drivers/media/platform/msm/camera_v2_oppo_51/isp/msm_isp46.o
  LD      drivers/media/usb/b2c2/built-in.o
  LD      drivers/media/usb/dvb-usb/built-in.o
  LD      drivers/media/usb/dvb-usb-v2/built-in.o
  CC      drivers/media/usb/gspca/gspca.o
  CC      drivers/hid/hid-zydacron.o
  CC      drivers/md/dm-builtin.o
  CC      drivers/media/platform/msm/vidc/msm_vdec.o
  CC      drivers/md/dm-bufio.o
  LD      fs/sysfs/built-in.o
  CC      fs/aio.o
  CC      fs/locks.o
  CC      net/netfilter/xt_conntrack.o
  CC      drivers/hid/hid-wacom.o
  CC      drivers/media/tuners/tuner-simple.o
  CC      drivers/hid/hid-waltop.o
  CC      drivers/media/platform/msm/vidc/msm_venc.o
  CC      drivers/misc/uid_stat.o
  LD      drivers/misc/carma/built-in.o
  CC      drivers/media/platform/msm/camera_v2_oppo_51/isp/msm_isp44.o
  CC      drivers/mmc/card/block.o
  CC      net/netfilter/xt_dscp.o
  CC      drivers/media/usb/gspca/autogain_functions.o
  LD      drivers/misc/cb710/built-in.o
  LD      drivers/misc/eeprom/built-in.o
  LD      drivers/misc/lis3lv02d/built-in.o
  CC      drivers/mmc/core/core.o
  CC      drivers/media/tuners/tuner-types.o
  CC      fs/compat.o
  LD      drivers/hid/hid-wiimote.o
  CC      drivers/misc/qcom/qdsp6v2/aac_in.o
  CC      drivers/hid/usbhid/hid-core.o
  CC      drivers/md/dm-crypt.o
  LD      drivers/media/usb/gspca/gspca_main.o
  CC      net/netfilter/xt_ecn.o
  LD      drivers/media/usb/gspca/built-in.o
  LD      drivers/media/usb/s2255/built-in.o
  CC      drivers/media/tuners/mt20xx.o
  LD      drivers/media/usb/siano/built-in.o
  LD      drivers/media/usb/stkwebcam/built-in.o
  LD      drivers/media/usb/ttusb-budget/built-in.o
  LD      drivers/media/usb/ttusb-dec/built-in.o
  CC      drivers/media/usb/uvc/uvc_driver.o
  CC      drivers/media/platform/msm/camera_v2_oppo_51/isp/msm_isp40.o
  CC      drivers/media/platform/msm/camera_v2_oppo_51/isp/msm_isp32.o
  CC      drivers/misc/qcom/qdsp6v2/qcelp_in.o
  CC      net/netfilter/xt_esp.o
  CC      drivers/media/tuners/tda8290.o
  CC      drivers/hid/usbhid/hid-quirks.o
  CC      drivers/mmc/card/queue.o
  CC      drivers/misc/qcom/qdsp6v2/evrc_in.o
  CC      fs/compat_ioctl.o
  CC      net/netfilter/xt_hashlimit.o
  CC      drivers/media/platform/msm/vidc/msm_smem.o
  CC      drivers/hid/usbhid/hiddev.o
  CC      drivers/md/dm-verity.o
  CC      drivers/misc/qcom/qdsp6v2/amrnb_in.o
  CC      drivers/media/usb/uvc/uvc_queue.o
  CC      drivers/media/usb/uvc/uvc_v4l2.o
  LD      drivers/mmc/card/mmc_block.o
  LD      drivers/media/platform/msm/camera_v2_oppo_51/isp/built-in.o
  LD      drivers/mmc/card/built-in.o
  CC      drivers/media/tuners/tea5767.o
  CC      drivers/mmc/core/bus.o
  CC      drivers/media/v4l2-core/v4l2-dev.o
  CC      drivers/media/platform/msm/camera_v2_oppo_51/jpeg_10/msm_jpeg_dev.o
  CC      drivers/media/platform/msm/vidc/msm_vidc_debug.o
  LD      drivers/misc/ti-st/built-in.o
  CC      net/netfilter/xt_helper.o
  CC      drivers/misc/qcom/qdsp6v2/audio_utils.o
  CC      fs/binfmt_script.o
  CC      drivers/media/media-device.o
  LD      drivers/hid/usbhid/usbhid.o
  LD      drivers/hid/usbhid/built-in.o
  CC      drivers/md/dm-req-crypt.o
  LD      drivers/hid/hid.o
  CC      drivers/media/tuners/tea5761.o
  LD      drivers/hid/built-in.o
  CC      drivers/mmc/core/host.o
  CC      drivers/media/platform/msm/camera_v2_oppo_51/jpeg_10/msm_jpeg_sync.o
  CC      drivers/media/usb/uvc/uvc_video.o
  CC      fs/binfmt_elf.o
  CC      drivers/media/v4l2-core/v4l2-ioctl.o
  CC      net/netfilter/xt_hl.o
  CC      drivers/media/media-devnode.o
  CC      drivers/media/tuners/tda9887.o
  CC      drivers/media/platform/msm/vidc/msm_vidc_res_parse.o
  LD      drivers/media/usb/zr364xx/built-in.o
  CC      drivers/media/platform/msm/vidc/venus_hfi.o
  CC      drivers/misc/qcom/qdsp6v2/audio_wma.o
  LD      drivers/md/dm-mod.o
  LD      drivers/md/built-in.o
  CC      drivers/mmc/core/mmc.o
  CC      drivers/mmc/host/sdhci.o
  CC      drivers/misc/qseecom.o
  CC      net/netfilter/xt_iprange.o
  CC      drivers/media/tuners/tda827x.o
  CC      drivers/misc/qcom/qdsp6v2/audio_wmapro.o
  CC      drivers/media/usb/uvc/uvc_ctrl.o
  CC      fs/compat_binfmt_elf.o
  CC      net/netfilter/xt_length.o
  CC      drivers/mmc/host/sdhci-pltfm.o
  CC      drivers/media/platform/msm/camera_v2_oppo_51/jpeg_10/msm_jpeg_core.o
  CC      drivers/misc/qcom/qdsp6v2/audio_aac.o
  CC      drivers/media/tuners/tda18271-maps.o
  CC      drivers/mmc/core/mmc_ops.o
  CC      drivers/media/v4l2-core/v4l2-device.o
  CC      drivers/mmc/host/sdhci-msm.o
  CC      net/netfilter/xt_limit.o
  CC      drivers/misc/qcom/qdsp6v2/audio_multi_aac.o
  CC      drivers/media/platform/msm/camera_v2_oppo_51/jpeg_10/msm_jpeg_hw.o
  CC      drivers/media/tuners/tda18271-common.o
  CC      drivers/media/usb/uvc/uvc_status.o
  CC      drivers/media/v4l2-core/v4l2-fh.o
  CC      drivers/mmc/core/sd.o
  CC      fs/mbcache.o
  CC      drivers/media/platform/msm/camera_v2_oppo_51/jpeg_10/msm_jpeg_platform.o
  CC      drivers/media/usb/uvc/uvc_isight.o
  CC      drivers/misc/qcom/qdsp6v2/audio_alac.o
  CC      drivers/media/platform/msm/camera_v2_oppo_51/msm_buf_mgr/msm_generic_buf_mgr.o
  CC      net/netfilter/xt_mac.o
  CC      drivers/media/tuners/tda18271-fe.o
  CC      drivers/media/v4l2-core/v4l2-event.o
  CC      fs/mbcache2.o
  CC      drivers/mmc/core/sd_ops.o
  CC      drivers/media/usb/uvc/uvc_debugfs.o
  LD      drivers/media/platform/msm/camera_v2_oppo_51/jpeg_10/built-in.o
  CC      drivers/misc/qcom/qdsp6v2/audio_ape.o
  LD      drivers/media/platform/msm/camera_v2_oppo_51/msm_buf_mgr/built-in.o
  CC      net/netfilter/xt_multiport.o
  CC      drivers/media/platform/msm/camera_v2_oppo_51/msm_vb2/msm_vb2.o
  CC      drivers/net/dummy.o
  CC      drivers/media/v4l2-core/v4l2-ctrls.o
  CC      net/netfilter/xt_pkttype.o
  CC      fs/posix_acl.o
  CC      drivers/mmc/core/sdio.o
  CC      drivers/media/usb/uvc/uvc_entity.o
  LD      drivers/mmc/host/built-in.o
  CC      drivers/misc/qcom/qdsp6v2/audio_utils_aio.o
  CC      drivers/media/platform/msm/vidc/hfi_response_handler.o
  LD      drivers/media/platform/msm/camera_v2_oppo_51/msm_vb2/built-in.o
  CC      drivers/mmc/core/sdio_ops.o
  CC      drivers/media/platform/msm/camera_v2_oppo_51/pproc/cpp/msm_cpp.o
  CC      drivers/net/mii.o
  CC      drivers/media/platform/msm/camera_v2_oppo_51/pproc/vpe/msm_vpe.o
  CC      net/netfilter/xt_policy.o
  CC      drivers/media/tuners/xc5000.o
  LD      drivers/media/usb/uvc/uvcvideo.o
  LD      drivers/media/usb/uvc/built-in.o
  LD      drivers/media/usb/built-in.o
  CC      fs/xattr_acl.o
  CC      drivers/misc/qcom/qdsp6v2/q6audio_v2.o
  LD      drivers/nfc/built-in.o
  CC      drivers/misc/compat_qseecom.o
  CC      drivers/mmc/core/sdio_bus.o
  CC      drivers/net/Space.o
  CC      fs/generic_acl.o
  CC      net/netfilter/xt_qtaguid_print.o
  CC      drivers/media/v4l2-core/v4l2-subdev.o
  CC      drivers/mmc/core/sdio_cis.o
  CC      drivers/media/tuners/xc4000.o
  LD      drivers/media/platform/msm/camera_v2_oppo_51/pproc/vpe/built-in.o
  CC      fs/coredump.o
  CC      drivers/net/loopback.o
  CC      drivers/media/media-entity.o
  CC      drivers/misc/qcom/qdsp6v2/q6audio_v2_aio.o
  CC      drivers/media/platform/msm/vidc/hfi_packetization.o
  CC      drivers/media/v4l2-core/v4l2-compat-ioctl32.o
  CC      drivers/misc/uid_sys_stats.o
  CC      net/netfilter/xt_qtaguid.o
  CC      drivers/mmc/core/sdio_io.o
  CC      drivers/misc/qcom/qdsp6v2/audio_mp3.o
  CC      net/netfilter/xt_quota.o
  LD      drivers/media/platform/msm/camera_v2_oppo_51/pproc/cpp/built-in.o
  LD      drivers/media/platform/msm/camera_v2_oppo_51/pproc/built-in.o
  CC      drivers/of/base.o
  CC      drivers/media/platform/msm/camera_v2_oppo_51/sensor/actuator/msm_actuator.o
  LD      drivers/net/ethernet/3com/built-in.o
  LD      drivers/net/ethernet/8390/built-in.o
  LD      drivers/net/ethernet/adaptec/built-in.o
  LD      drivers/net/ethernet/alteon/built-in.o
  CC      drivers/pci/access.o
  CC      fs/drop_caches.o
  CC      drivers/media/tuners/mc44s803.o
  CC      drivers/mmc/core/sdio_irq.o
  LD      drivers/net/ethernet/amd/built-in.o
  LD      drivers/net/ethernet/atheros/built-in.o
  LD      drivers/net/ethernet/broadcom/built-in.o
  LD      drivers/net/ethernet/brocade/built-in.o
  LD      drivers/net/ethernet/cadence/built-in.o
  CC      drivers/media/platform/msm/vidc/vidc_hfi.o
  CC      drivers/misc/qcom/qdsp6v2/audio_amrnb.o
  CC      drivers/media/v4l2-core/v4l2-of.o
  LD      drivers/net/ethernet/chelsio/built-in.o
  LD      drivers/net/ethernet/cisco/built-in.o
  LD      drivers/net/ethernet/dec/built-in.o
  LD      drivers/net/ethernet/dlink/built-in.o
  CC      drivers/media/platform/msm/vidc/q6_hfi.o
  LD      drivers/net/ethernet/emulex/built-in.o
  LD      drivers/net/ethernet/hp/built-in.o
  LD      drivers/net/ethernet/i825xx/built-in.o
  LD      drivers/net/ethernet/intel/built-in.o
  LD      drivers/net/ethernet/marvell/built-in.o
  LD      drivers/net/ethernet/mellanox/built-in.o
  CC      fs/dcookies.o
  CC      drivers/mmc/core/quirks.o
  LD      drivers/net/ethernet/micrel/built-in.o
  LD      drivers/net/ethernet/microchip/built-in.o
  CC      drivers/net/ethernet/msm/msm_rmnet_bam.o
  LD      drivers/media/tuners/tda18271.o
  LD      drivers/media/tuners/built-in.o
  CC      drivers/media/v4l2-core/v4l2-common.o
  CC      drivers/misc/qcom/qdsp6v2/audio_amrwb.o
  CC      drivers/of/fdt.o
  CC      drivers/pinctrl/core.o
  LD      drivers/net/ethernet/myricom/built-in.o
  CC      drivers/mmc/core/slot-gpio.o
  CC      drivers/mmc/core/debugfs.o
  CC      drivers/pci/bus.o
  CC      drivers/media/platform/msm/vidc/venus_boot.o
  LD      fs/built-in.o
  CC      drivers/misc/qcom/qdsp6v2/audio_amrwbplus.o
  LD      drivers/media/platform/msm/camera_v2_oppo_51/sensor/actuator/built-in.o
  CC      drivers/media/platform/msm/camera_v2_oppo_51/sensor/cci/msm_cci.o
  LD      drivers/media/media.o
  CC      net/netfilter/xt_quota2.o
  CC      drivers/media/v4l2-core/videobuf2-core.o
  CC      drivers/net/phy/phy.o
  CC      drivers/of/address.o
  LD      drivers/net/ethernet/msm/built-in.o
  LD      drivers/net/ethernet/natsemi/built-in.o
  CC      drivers/pci/probe.o
  LD      drivers/net/ethernet/neterion/built-in.o
  LD      drivers/media/platform/msm/vidc/built-in.o
  LD      drivers/net/ethernet/nvidia/built-in.o
  LD      drivers/net/ethernet/oki-semi/built-in.o
  CC      drivers/misc/qcom/qdsp6v2/audio_evrc.o
  LD      drivers/net/ethernet/packetengines/built-in.o
  LD      drivers/net/ethernet/qlogic/built-in.o
  CC      drivers/pinctrl/pinmux.o
  LD      drivers/net/ethernet/rdc/built-in.o
  LD      drivers/net/ethernet/realtek/built-in.o
  LD      drivers/net/ethernet/seeq/built-in.o
  LD      drivers/net/ethernet/silan/built-in.o
  LD      drivers/mmc/core/mmc_core.o
  LD      drivers/net/ethernet/sis/built-in.o
  LD      drivers/net/ethernet/smsc/built-in.o
  LD      drivers/mmc/core/built-in.o
  LD      drivers/mmc/built-in.o
  LD      drivers/net/ethernet/stmicro/built-in.o
  CC      drivers/power/power_supply_core.o
  LD      drivers/net/ethernet/sun/built-in.o
  LD      drivers/net/ethernet/tehuti/built-in.o
  LD      drivers/net/ethernet/ti/built-in.o
  CC      drivers/platform/msm/msm_bus/msm_bus_bimc.o
  LD      drivers/net/ethernet/via/built-in.o
  CC      drivers/platform/msm/ipa/ipa.o
  LD      drivers/net/ethernet/wiznet/built-in.o
  LD      drivers/net/ethernet/built-in.o
  CC      net/netfilter/xt_socket.o
  CC      drivers/of/irq.o
  CC      drivers/media/platform/msm/camera_v2_oppo_51/sensor/csid/msm_csid.o
  CC      drivers/misc/qcom/qdsp6v2/audio_qcelp.o
  CC      drivers/net/phy/phy_device.o
  CC      drivers/pinctrl/pinconf.o
  CC      drivers/power/power_supply_sysfs.o
  CC      drivers/misc/qcom/qdsp6v2/amrwb_in.o
  CC      drivers/pci/host-bridge.o
  CC      drivers/media/v4l2-core/videobuf2-memops.o
  CC      drivers/of/device.o
  LD      drivers/media/platform/msm/camera_v2_oppo_51/sensor/cci/built-in.o
  CC      drivers/media/platform/msm/camera_v2_oppo_51/sensor/csiphy/msm_csiphy.o
  CC      drivers/pinctrl/devicetree.o
  CC      drivers/power/power_supply_leds.o
  CC      drivers/pci/remove.o
  CC      net/netfilter/xt_state.o
  CC      drivers/net/phy/mdio_bus.o
  CC      drivers/media/v4l2-core/videobuf2-vmalloc.o
  CC      drivers/platform/msm/msm_bus/msm_bus_noc.o
  CC      drivers/of/platform.o
  LD      drivers/media/platform/msm/camera_v2_oppo_51/sensor/csid/built-in.o
  LD      drivers/misc/qcom/qdsp6v2/built-in.o
  CC      drivers/pinctrl/pinconf-generic.o
  LD      drivers/misc/qcom/built-in.o
  LD      drivers/misc/built-in.o
  CC      drivers/platform/msm/sps/bam.o
  CC      drivers/platform/msm/ipa/ipa_debugfs.o
  CC      drivers/power/qpnp-vm-bms.o
  CC      drivers/pci/pci.o
  LD      drivers/media/platform/msm/camera_v2_oppo_51/sensor/csiphy/built-in.o
  CC      drivers/media/platform/msm/camera_v2_oppo_51/sensor/eeprom/msm_eeprom.o
  CC      drivers/media/v4l2-core/videobuf2-dma-contig.o
  CC      drivers/of/of_i2c.o
  CC      net/netfilter/xt_statistic.o
  LD      drivers/net/phy/libphy.o
  CC      drivers/pinctrl/pinctrl-msm.o
  LD      drivers/net/phy/built-in.o
  CC      drivers/net/ppp/ppp_generic.o
  CC      drivers/platform/msm/msm_bus/msm_bus_core.o
  CC      drivers/of/of_net.o
  CC      net/netfilter/xt_string.o
  CC      drivers/net/ppp/ppp_async.o
  CC      drivers/platform/msm/msm_bus/msm_bus_client_api.o
  CC      drivers/pinctrl/pinctrl-msm-tlmm.o
  CC      drivers/media/v4l2-core/videobuf2-dma-sg.o
  CC      drivers/platform/msm/ipa/ipa_hdr.o
  CC      drivers/platform/msm/msm_bus/msm_bus_of.o
  CC      net/netfilter/xt_time.o
  CC      drivers/of/of_mdio.o
  LD      drivers/media/platform/msm/camera_v2_oppo_51/sensor/eeprom/built-in.o
  LD      drivers/media/v4l2-core/videodev.o
  LD      drivers/media/v4l2-core/built-in.o
  CC      drivers/media/platform/msm/camera_v2_oppo_51/sensor/flash/msm_led_flash.o
  CC      net/netfilter/xt_u32.o
  LD      drivers/pinctrl/built-in.o
  CC      drivers/pci/pci-driver.o
  CC      drivers/pci/search.o
  CC      drivers/net/ppp/bsd_comp.o
  CC      drivers/platform/msm/sps/sps_bam.o
  CC      drivers/media/platform/msm/camera_v2_oppo_51/sensor/flash/msm_led_trigger.o
  CC      drivers/power/batterydata-lib.o
  CC      drivers/platform/msm/usb_bam.o
  CC      drivers/of/of_pci.o
  CC      drivers/platform/msm/ipa/ipa_flt.o
  LD      net/netfilter/netfilter.o
  CC      drivers/platform/msm/msm_bus/msm_bus_rpm_smd.o
  LD      net/netfilter/built-in.o
  CC      drivers/pci/pci-sysfs.o
  LD      net/built-in.o
  CC      drivers/net/slip/slip.o
  CC      drivers/net/ppp/ppp_deflate.o
  CC      drivers/of/of_pci_irq.o
  CC      drivers/media/platform/msm/camera_v2_oppo_51/sensor/io/msm_camera_io_util.o
  CC      drivers/media/platform/msm/camera_v2_oppo_51/sensor/flash/msm_led_i2c_trigger.o
  CC      drivers/platform/msm/msm_bus/msm_bus_fabric_adhoc.o
  CC      drivers/power/batterydata-interface.o
  CC      drivers/of/of_spmi.o
  CC      drivers/net/ppp/ppp_mppe.o
  CC      drivers/pci/rom.o
  CC      drivers/media/platform/msm/camera_v2_oppo_51/sensor/io/msm_camera_cci_i2c.o
  CC      drivers/power/qpnp-linear-charger.o
  CC      drivers/of/of_slimbus.o
  CC      drivers/net/slip/slhc.o
  CC      drivers/platform/msm/msm_bus/msm_bus_arb_adhoc.o
  CC      drivers/platform/msm/ipa/ipa_rt.o
  CC      drivers/of/of_batterydata.o
  CC      drivers/pci/setup-res.o
  CC      drivers/media/platform/msm/camera_v2_oppo_51/sensor/flash/adp1660.o
  CC      drivers/pwm/core.o
  CC      drivers/media/platform/msm/camera_v2_oppo_51/sensor/io/msm_camera_qup_i2c.o
  CC      drivers/pci/irq.o
  CC      drivers/net/ppp/ppp_synctty.o
  CC      drivers/media/platform/msm/camera_v2_oppo_51/sensor/flash/bd7710.o
  CC      drivers/of/of_reserved_mem.o
  CC      drivers/platform/msm/msm_bus/msm_bus_rules.o
  CC      drivers/pci/vpd.o
  CC      drivers/pci/setup-bus.o
  LD      drivers/net/slip/built-in.o
  CC      drivers/power/oppo/oppo_adc.o
  CC      drivers/net/usb/asix_devices.o
  CC      drivers/platform/msm/sps/sps.o
  LD      drivers/of/built-in.o
  CC      drivers/platform/msm/qpnp-power-on.o
  CC      drivers/media/platform/msm/camera_v2_oppo_51/sensor/io/msm_camera_spi.o
  CC      drivers/pwm/pwm-qpnp.o
  CC      drivers/platform/msm/ipa/ipa_dp.o
  CC      drivers/media/platform/msm/camera_v2_oppo_51/sensor/flash/msm_led_torch.o
  CC      drivers/platform/msm/ipa/ipa_client.o
  CC      drivers/net/ppp/pppox.o
  CC      drivers/power/oppo/oppo_battery.o
  CC      drivers/platform/msm/msm_bus/msm_bus_of_adhoc.o
  CC      drivers/media/platform/msm/camera_v2_oppo_51/sensor/flash/msm_flash.o
  CC      drivers/pci/proc.o
  CC      drivers/media/platform/msm/camera_v2_oppo_51/sensor/io/msm_camera_dt_util.o
  CC      drivers/net/ppp/pppoe.o
  CC      drivers/power/oppo/oppo_bms.o
  LD      drivers/pwm/built-in.o
  CC      drivers/net/ppp/pppolac.o
  CC      drivers/net/usb/asix_common.o
  CC      drivers/platform/msm/msm_bus/msm_bus_id.o
  CC      drivers/pci/slot.o
  CC      drivers/power/qcom/msm-pm.o
  CC      drivers/media/platform/msm/camera_v2_oppo_51/sensor/flash/lm3642.o
  CC      drivers/platform/msm/msm_bus/msm_bus_dbg.o
  CC      drivers/power/oppo/oppo_charger.o
  CC      drivers/net/ppp/pppopns.o
  CC      drivers/net/wireless/wcnss/wcnss_wlan.o
  CC      drivers/net/usb/ax88172a.o
  CC      drivers/pci/quirks.o
  CC      drivers/platform/msm/ipa/ipa_utils.o
  CC      drivers/media/platform/msm/camera_v2_oppo_51/sensor/ois/msm_ois.o
  CC      drivers/platform/msm/sps/sps_dma.o
  LD      drivers/media/platform/msm/camera_v2_oppo_51/sensor/io/built-in.o
  CC      drivers/platform/msm/qpnp-vibrator.o
  CC      drivers/platform/msm/sps/sps_map.o
  CC      drivers/power/qcom/pm-data.o
  CC      drivers/media/platform/msm/camera_v2_oppo_51/sensor/flash/lm3643.o
  LD      drivers/platform/msm/msm_bus/built-in.o
  CC      drivers/power/oppo/oppo_init.o
  CC      drivers/power/reset/msm-poweroff.o
  CC      drivers/platform/msm/sps/sps_mem.o
  LD      drivers/net/ppp/built-in.o
  CC      drivers/net/usb/ax88179_178a.o
  CC      drivers/regulator/core.o
  CC      drivers/power/qcom/pm-stats.o
  CC      drivers/net/wireless/wcnss/qcomwlan_secif.o
  CC      drivers/platform/msm/sps/sps_rm.o
  LD      drivers/media/platform/msm/camera_v2_oppo_51/sensor/ois/built-in.o
  LD      drivers/power/reset/built-in.o
  CC      drivers/platform/msm/ipa/ipa_nat.o
  CC      drivers/media/platform/msm/camera_v2_oppo_51/sensor/flash/mp3331.o
  CC      drivers/media/platform/msm/camera_v2_oppo_51/sensor/vl6180/stmvl6180_module.o
  CC      drivers/power/oppo/oppo_upper.o
  CC      drivers/rtc/rtc-lib.o
  LD      drivers/platform/msm/sps/built-in.o
  CC      drivers/regulator/dummy.o
  CC      drivers/power/qcom/lpm-stats.o
  CC      drivers/pci/setup-irq.o
  CC      drivers/net/usb/cdc_ether.o
  CC      drivers/net/wireless/wcnss/wcnss_vreg.o
  CC      drivers/rtc/hctosys.o
  LD      drivers/media/platform/msm/camera_v2_oppo_51/sensor/flash/built-in.o
  CC      drivers/media/platform/msm/camera_v2_oppo_51/sensor/msm_sensor_init.o
  CC      drivers/platform/msm/ipa/ipa_intf.o
  CC      drivers/net/tun.o
  CC      drivers/power/oppo/oppo_smb358.o
  CC      drivers/pci/syscall.o
  CC      drivers/media/platform/msm/camera_v2_oppo_51/sensor/vl6180/src/vl6180x_api.o
  CC      drivers/rtc/systohc.o
  CC      drivers/net/wireless/wcnss/wcnss_prealloc.o
  CC      drivers/net/usb/dm9601.o
  LD      drivers/power/power_supply.o
  CC      drivers/platform/msm/qpnp-coincell.o
  CC      drivers/regulator/fixed-helper.o
  CC      drivers/power/qcom/pm-boot.o
  CC      drivers/pci/of.o
  CC      drivers/platform/msm/ipa/teth_bridge.o
  CC      drivers/rtc/class.o
  CC      drivers/regulator/of_regulator.o
  LD      drivers/net/wireless/wcnss/wcnsscore.o
  LD      drivers/net/wireless/wcnss/built-in.o
  LD      drivers/net/wireless/built-in.o
  LD      drivers/pci/host/built-in.o
  CC      drivers/platform/msm/ipa/ipa_interrupts.o
  LD      drivers/pci/built-in.o
  CC      drivers/power/oppo/oppo_smb1357.o
  CC      drivers/media/platform/msm/camera_v2_oppo_51/sensor/vl6180/src/vl6180x_i2c.o
  CC      drivers/media/platform/msm/camera_v2_oppo_51/sensor/msm_sensor_driver.o
  CC      drivers/regulator/fixed.o
  LD      drivers/power/qcom/built-in.o
  CC      drivers/media/platform/msm/camera_v2_oppo_51/sensor/msm_sensor.o
  CC      drivers/media/platform/msm/camera_v2_oppo_51/sensor/vl6180/src/vl6180x_port_i2c.o
  CC      drivers/rtc/interface.o
  CC      drivers/regulator/proxy-consumer.o
  CC      drivers/net/usb/net1080.o
  CC      drivers/rtc/rtc-dev.o
  CC      drivers/platform/msm/ipa/odu_bridge.o
  CC      drivers/net/usb/cdc_subset.o
  CC      drivers/net/veth.o
  CC      drivers/net/usb/zaurus.o
  CC      drivers/regulator/fan53555.o
  LD      drivers/media/platform/msm/camera_v2_oppo_51/sensor/vl6180/stmvl6180.o
  LD      drivers/media/platform/msm/camera_v2_oppo_51/sensor/vl6180/built-in.o
  CC      drivers/net/usb/usbnet.o
  CC      drivers/power/oppo/oppo_bq24196.o
  CC      drivers/platform/msm/avtimer.o
  CC      drivers/rtc/rtc-proc.o
  CC      drivers/scsi/scsi.o
  CC      drivers/regulator/mem-acc-regulator.o
  CC      drivers/platform/msm/ipa/ipa_rm.o
  CC      drivers/scsi/hosts.o
  CC      drivers/rtc/rtc-sysfs.o
  CC      drivers/power/oppo/oppo_bq24157.o
  LD      drivers/media/platform/msm/camera_v2_oppo_51/sensor/built-in.o
  LD      drivers/media/platform/msm/camera_v2_oppo_51/built-in.o
  LD      drivers/media/platform/msm/built-in.o
  CC      drivers/rtc/qpnp-rtc.o
  LD      drivers/media/platform/built-in.o
  LD      drivers/media/built-in.o
  CC      drivers/sensors/sensors_class.o
  CC      drivers/platform/msm/ipa/ipa_rm_dependency_graph.o
  CC      drivers/scsi/scsi_ioctl.o
  CC      drivers/slimbus/slimbus.o
  CC      drivers/power/oppo/oppo_bq24188.o
  CC      drivers/regulator/onsemi-ncp6335d.o
  CC      drivers/platform/msm/qpnp-revid.o
  LD      drivers/rtc/rtc-core.o
  CC      drivers/platform/msm/pft.o
  CC      drivers/platform/msm/ipa/ipa_rm_peers_list.o
  CC      drivers/slimbus/slim-msm.o
  CC      drivers/net/usb/cdc_ncm.o
  LD      drivers/rtc/built-in.o
  CC      drivers/sensors/sensors_ssc.o
  CC      drivers/slimbus/slim-msm-ngd.o
  CC      drivers/scsi/constants.o
  CC      drivers/soc/oppo/oppo_project.o
  CC      drivers/power/oppo/oppo_bq27541.o
  CC      drivers/platform/msm/ipa/ipa_rm_resource.o
  CC      drivers/platform/msm/ipa/ipa_rm_inactivity_timer.o
  CC      drivers/sensors/sensors_ftm.o
  CC      drivers/regulator/stub-regulator.o
  CC      drivers/soc/oppo/boot_mode.o
  CC      drivers/scsi/scsicam.o
  LD      drivers/sensors/built-in.o
  CC      drivers/soc/oppo/device_info.o
  CC      drivers/soundwire/soundwire.o
  LD      drivers/net/usb/asix.o
  LD      drivers/net/usb/built-in.o
  LD      drivers/net/built-in.o
  CC      drivers/regulator/tps65132-regulator.o
  CC      drivers/power/oppo/oppo_bq27541_encrypt.o
  CC      drivers/soundwire/swr-wcd-ctrl.o
  CC      drivers/scsi/scsi_error.o
  CC      drivers/platform/msm/ipa/rmnet_ipa.o
  CC      drivers/power/oppo/oppo_bq2022a.o
  LD      drivers/slimbus/built-in.o
  CC      drivers/soc/qcom/memshare/heap_mem_ext_v01.o
  CC      drivers/regulator/rpm-smd-regulator.o
  CC      drivers/scsi/scsi_lib.o
  CC      drivers/soc/qcom/memshare/msm_memshare.o
  LD      drivers/soc/oppo/built-in.o
  CC      drivers/platform/msm/ipa/ipa_qmi_service_v01.o
  CC      drivers/spi/spi.o
  CC      drivers/spi/spi_qsd.o
  CC      drivers/soc/qcom/qdsp6v2/apr.o
  CC      drivers/scsi/scsi_lib_dma.o
  CC      drivers/power/oppo/oppo_vooc.o
  CC      drivers/power/oppo/oppo_vooc_stm8s.o
  LD      drivers/soundwire/built-in.o
  CC      drivers/regulator/qpnp-regulator.o
  CC      drivers/scsi/scsi_scan.o
  CC      drivers/soc/qcom/qdsp6v2/apr_v3.o
  CC      drivers/regulator/spm-regulator.o
  LD      drivers/soc/qcom/memshare/built-in.o
  CC      drivers/platform/msm/ipa/ipa_qmi_service.o
  CC      drivers/spmi/spmi.o
  CC      drivers/scsi/scsi_sysfs.o
  CC      drivers/scsi/scsi_devinfo.o
  CC      drivers/soc/qcom/nohlt.o
  CC      drivers/soc/qcom/qdsp6v2/apr_tal.o
  CC      drivers/spmi/spmi-resources.o
  CC      drivers/regulator/cpr-regulator.o
  CC      drivers/platform/msm/ipa/rmnet_ipa_fd_ioctl.o
  LD      drivers/power/oppo/built-in.o
  AS      drivers/soc/qcom/idle-v8.o
  LD      drivers/power/built-in.o
  CC      drivers/staging/staging.o
  CC      drivers/soc/qcom/qdsp6v2/voice_svc.o
  CC      drivers/scsi/scsi_sysctl.o
  CC      drivers/spmi/spmi-pmic-arb.o
  CC      drivers/switch/switch_class.o
  CC      drivers/soc/qcom/cpu_ops.o
  LD      drivers/platform/msm/ipa/ipat.o
  CC      drivers/soc/qcom/bam_dmux.o
  CC      drivers/staging/android/ion/ion.o
  LD      drivers/spi/built-in.o
  CC      drivers/staging/android/binder.o
  LD      drivers/platform/msm/ipa/built-in.o
  LD      drivers/platform/msm/built-in.o
  CC      drivers/tty/tty_io.o
  CC      drivers/thermal/thermal_core.o
  CC      drivers/scsi/scsi_proc.o
  LD      drivers/platform/built-in.o
  CC      drivers/uio/uio.o
  CC      drivers/soc/qcom/qdsp6v2/msm_audio_ion.o
  LD      drivers/switch/built-in.o
  CC      drivers/soc/qcom/ipc_router_smd_xprt.o
  CC      drivers/uio/msm_sharedmem/msm_sharedmem.o
  CC      drivers/spmi/qpnp-int.o
  CC      drivers/scsi/scsi_trace.o
  CC      drivers/staging/android/binder_alloc.o
  CC      drivers/soc/qcom/qdsp6v2/adsp-loader.o
  CC      drivers/staging/android/ion/ion_heap.o
  LD      drivers/staging/media/built-in.o
  CC      drivers/thermal/step_wise.o
  CC      drivers/scsi/scsi_pm.o
  CC      drivers/uio/msm_sharedmem/remote_filesystem_access_v01.o
  CC      drivers/spmi/spmi-dbgfs.o
  LD      drivers/soc/qcom/qdsp6v2/built-in.o
  CC      drivers/soc/qcom/memory_dump_v2.o
  CC      drivers/uio/msm_sharedmem/sharedmem_qmi.o
  CC      drivers/thermal/msm8974-tsens.o
  CC      drivers/soc/qcom/mpm-of.o
  CC      drivers/staging/android/ion/ion_page_pool.o
  LD      drivers/regulator/built-in.o
  CC      drivers/soc/qcom/rpm-smd.o
  CC      drivers/tty/n_tty.o
  CC      drivers/scsi/scsi_tgt_lib.o
  CC      drivers/thermal/qpnp-temp-alarm.o
  LD      drivers/staging/silicom/built-in.o
  CC      drivers/staging/android/ion/ion_system_heap.o
  LD      drivers/spmi/built-in.o
  CC      drivers/usb/class/cdc-acm.o
  LD      drivers/uio/msm_sharedmem/built-in.o
  CC      drivers/staging/android/ashmem.o
  LD      drivers/uio/built-in.o
  CC      drivers/tty/tty_ioctl.o
  CC      drivers/video/fb_notify.o
  CC      drivers/scsi/scsi_tgt_if.o
  CC      drivers/staging/android/ion/ion_carveout_heap.o
  CC      drivers/soc/qcom/rpm-smd-debug.o
  CC      drivers/video/fbmem.o
  CC      drivers/scsi/sd.o
  CC      drivers/soc/qcom/qmi_interface.o
  CC      drivers/usb/core/usb.o
  CC      drivers/staging/android/timed_output.o
  CC      drivers/thermal/qpnp-adc-tm.o
  CC      drivers/staging/android/ion/ion_chunk_heap.o
  CC      drivers/tty/tty_ldisc.o
  CC      drivers/scsi/sg.o
  CC      drivers/usb/class/ccid_bridge.o
  CC      drivers/usb/core/hub.o
  CC      drivers/usb/dwc3/core.o
  CC      drivers/staging/prima/CORE/BAP/src/bapApiData.o
  CC      drivers/staging/android/ion/ion_cma_heap.o
  CC      drivers/soc/qcom/scm.o
  CC      drivers/tty/tty_buffer.o
  CC      drivers/video/fbmon.o
  CC      drivers/thermal/msm_thermal.o
  CC      drivers/staging/android/ion/ion_cma_secure_heap.o
  LD      drivers/usb/class/built-in.o
  CC      drivers/video/fbcmap.o
  CC      drivers/tty/tty_port.o
  CC      drivers/staging/prima/CORE/BAP/src/bapApiDebug.o
  CC      drivers/soc/qcom/scm-boot.o
  CC      drivers/soc/qcom/smd.o
  CC      drivers/usb/dwc3/host.o
  CC      drivers/usb/gadget/udc-core.o
  CC      drivers/staging/prima/CORE/BAP/src/bapApiExt.o
  CC      drivers/scsi/ch.o
  CC      drivers/staging/android/ion/compat_ion.o
  CC      drivers/staging/android/timed_gpio.o
  CC      drivers/video/fbsysfs.o
  CC      drivers/tty/tty_mutex.o
  CC      drivers/tty/tty_ldsem.o
  CC      drivers/usb/dwc3/gadget.o
  CC      drivers/staging/prima/CORE/BAP/src/bapApiHCBB.o
  CC      drivers/usb/gadget/android.o
  CC      drivers/staging/android/ion/ion_removed_heap.o
  CC      drivers/staging/prima/CORE/BAP/src/bapApiInfo.o
  CC      drivers/usb/core/hcd.o
  CC      drivers/video/modedb.o
  CC      drivers/tty/pty.o
  LD      drivers/scsi/scsi_mod.o
  LD      drivers/scsi/scsi_tgt.o
  LD      drivers/scsi/sd_mod.o
  LD      drivers/scsi/built-in.o
  CC      drivers/usb/host/pci-quirks.o
  CC      drivers/staging/android/ion/msm/msm_ion.o
  CC      drivers/thermal/msm_thermal-dev.o
  CC      drivers/staging/android/alarm-dev.o
  CC      drivers/staging/prima/CORE/BAP/src/bapApiLinkCntl.o
  CC      drivers/video/fbcvt.o
  CC      drivers/soc/qcom/smd_debug.o
  CC      drivers/usb/host/ehci-hcd.o
  CC      drivers/tty/tty_audit.o
  CC      drivers/usb/dwc3/ep0.o
  CC      drivers/usb/misc/ehset.o
  CC      drivers/usb/core/urb.o
  CC      drivers/staging/android/ion/msm/secure_buffer.o
  CC      drivers/staging/prima/CORE/BAP/src/bapApiLinkSupervision.o
  CC      drivers/video/backlight/lcd.o
  CC      drivers/soc/qcom/smd_private.o
  LD      drivers/thermal/thermal_sys.o
  LD      drivers/thermal/built-in.o
  CC      drivers/usb/gadget/usbstring.o
  LD      drivers/usb/misc/built-in.o
  CC      drivers/tty/sysrq.o
  CC      drivers/staging/android/ion/msm/compat_msm_ion.o
  CC      drivers/video/backlight/backlight.o
  CC      drivers/soc/qcom/smd_init_dt.o
  CC      drivers/usb/core/message.o
  CC      drivers/video/msm/mdss/mdss_dsi.o
  LD      drivers/tty/ipwireless/built-in.o
  CC      drivers/staging/prima/CORE/BAP/src/bapApiStatus.o
  CC      drivers/video/backlight/generic_bl.o
  CC      drivers/tty/serial/serial_core.o
  CC      drivers/usb/dwc3/dwc3_otg.o
  CC      drivers/soc/qcom/smsm_debug.o
  CC      drivers/video/msm/mdss/mdss_dsi_host.o
  CC      drivers/usb/core/driver.o
  LD      drivers/staging/android/ion/msm/built-in.o
  LD      drivers/staging/android/ion/built-in.o
  CC      drivers/staging/android/sync.o
  CC      drivers/video/backlight/lm3630_bl.o
  CC      drivers/staging/prima/CORE/BAP/src/bapApiTimer.o
  CC      drivers/soc/qcom/smem.o
  CC      drivers/usb/dwc3/debugfs.o
  CC      drivers/staging/android/sw_sync.o
  LD      drivers/video/backlight/built-in.o
  LD      drivers/video/omap2/displays/built-in.o
  LD      drivers/video/omap2/built-in.o
  CC      drivers/staging/prima/CORE/BAP/src/bapModule.o
  CC      drivers/usb/phy/phy.o
  CC      drivers/usb/host/ehci-pci.o
  CC      drivers/usb/gadget/config.o
  CC      drivers/usb/core/config.o
  CC      drivers/tty/serial/msm_serial_hs.o
  CC      drivers/staging/android/oneshot_sync.o
  CC      drivers/soc/qcom/smem_debug.o
  CC      drivers/usb/phy/of.o
  CC      drivers/usb/dwc3/dwc3-omap.o
  CC      drivers/video/cfbfillrect.o
  LD      drivers/tty/vt/built-in.o
  CC      drivers/staging/prima/CORE/BAP/src/bapRsn8021xAuthFsm.o
  CC      drivers/soc/qcom/common_log.o
  LD      drivers/staging/android/built-in.o
  CC      drivers/usb/host/ehci-msm.o
  CC      drivers/usb/core/file.o
  CC      drivers/usb/host/ehci-msm2.o
  CC      drivers/usb/phy/otg-wakelock.o
  CC      drivers/video/msm/mdss/mdss_dsi_cmd.o
  CC      drivers/tty/serial/msm_serial_hs_lite.o
  CC      drivers/usb/dwc3/dwc3-exynos.o
  CC      drivers/soc/qcom/smp2p.o
  CC      drivers/video/cfbcopyarea.o
  CC      drivers/usb/core/buffer.o
  CC      drivers/usb/host/ehci-msm-uicc.o
  CC      drivers/staging/prima/CORE/BAP/src/bapRsn8021xPrf.o
  CC      drivers/usb/phy/phy-msm-usb.o
  CC      drivers/usb/dwc3/dbm-1_4.o
  CC      drivers/video/msm/mdss/mdss_dsi_status.o
  CC      drivers/usb/phy/phy-msm-hsusb.o
  CC      drivers/usb/core/sysfs.o
  CC      drivers/usb/dwc3/dbm-1_5.o
  CC      drivers/usb/serial/usb-serial.o
  LD      drivers/usb/host/built-in.o
  CC      drivers/usb/phy/phy-msm-ssusb.o
  CC      drivers/tty/serial/msm_smd_tty.o
  CC      drivers/staging/prima/CORE/BAP/src/bapRsn8021xSuppRsnFsm.o
  CC      drivers/soc/qcom/smp2p_debug.o
  CC      drivers/staging/prima/CORE/BAP/src/bapRsnAsfPacket.o
  CC      drivers/video/msm/mdss/mdss_dsi_panel.o
  CC      drivers/usb/dwc3/dwc3-msm.o
  CC      drivers/soc/qcom/smp2p_loopback.o
  CC      drivers/video/cfbimgblt.o
  CC      drivers/usb/core/endpoint.o
  CC      drivers/usb/storage/alauda.o
  CC      drivers/staging/prima/CORE/BAP/src/bapRsnSsmAesKeyWrap.o
  CC      drivers/video/msm/mdss/msm_mdss_io_8974.o
  LD      drivers/tty/serial/built-in.o
  CC      drivers/soc/qcom/smp2p_test.o
  LD      drivers/tty/built-in.o
  CC      drivers/usb/phy/phy-msm-ssusb-qmp.o
  CC      drivers/usb/serial/generic.o
  CC      drivers/video/msm/mdss/mdss_mdp.o
  CC      drivers/usb/core/devio.o
  CC      drivers/staging/prima/CORE/BAP/src/bapRsnSsmEapol.o
  CC      drivers/usb/dwc3/dbm.o
  CC      drivers/staging/prima/CORE/BAP/src/bapRsnSsmReplayCtr.o
  CC      drivers/usb/storage/cypress_atacb.o
  CC      drivers/usb/serial/bus.o
  CC      drivers/staging/prima/CORE/BAP/src/bapRsnTxRx.o
  CC      drivers/soc/qcom/smp2p_spinlock_test.o
  CC      drivers/usb/usb-common.o
  CC      drivers/usb/gadget/epautoconf.o
  CC      drivers/usb/storage/datafab.o
  CC      drivers/staging/prima/CORE/BAP/src/btampFsm.o
  CC      drivers/usb/dwc3/dwc3-pci.o
  CC      drivers/usb/serial/csvt.o
  CC      drivers/video/msm/mdss/mdss_mdp_ctl.o
  CC      drivers/staging/prima/CORE/BAP/src/btampHCI.o
  CC      drivers/soc/qcom/watchdog_v2.o
  CC      drivers/usb/gadget/composite.o
  LD      drivers/usb/dwc3/dwc3.o
  LD      drivers/usb/dwc3/built-in.o
  CC      drivers/usb/core/notify.o
  LD      drivers/usb/phy/built-in.o
  CC      drivers/usb/storage/freecom.o
  LD      drivers/video/fb.o
  CC      drivers/video/msm/mdss/mdss_mdp_pipe.o
  LD      drivers/usb/serial/usbserial.o
  LD      drivers/usb/serial/built-in.o
  CC      drivers/staging/prima/CORE/DXE/src/wlan_qct_dxe.o
  CC      drivers/soc/qcom/spm.o
  CC      drivers/usb/core/generic.o
  CC      drivers/video/msm/mdss/mdss_mdp_util.o
  CC      drivers/staging/prima/CORE/DXE/src/wlan_qct_dxe_cfg_i.o
  CC      drivers/video/msm/mdss/dsi_status_6g.o
  CC      drivers/usb/storage/isd200.o
  CC      drivers/soc/qcom/spm_devices.o
  CC      drivers/usb/core/quirks.o
  CC      drivers/video/msm/mdss/mdss_mdp_pp.o
  CC      drivers/usb/gadget/functions.o
  CC      drivers/usb/storage/jumpshot.o
  CC      drivers/usb/core/devices.o
  CC      drivers/video/msm/mdss/mdss_mdp_pp_debug.o
  CC      drivers/usb/gadget/f_acm.o
  CC      drivers/video/msm/mdss/mdss_mdp_intf_video.o
  CC      drivers/soc/qcom/socinfo.o
  CC      drivers/usb/core/port.o
  CC      drivers/staging/prima/CORE/HDD/src/bap_hdd_main.o
  CC      drivers/usb/storage/karma.o
  CC      drivers/usb/gadget/f_serial.o
  CC      drivers/staging/prima/CORE/HDD/src/wlan_hdd_assoc.o
  CC      drivers/usb/core/hcd-pci.o
  CC      drivers/soc/qcom/peripheral-loader.o
  CC      drivers/usb/storage/sddr09.o
  CC      drivers/staging/prima/CORE/HDD/src/wlan_hdd_cfg.o
  CC      drivers/soc/qcom/subsys-pil-tz.o
  CC      drivers/video/msm/mdss/mdss_mdp_intf_cmd.o
  CC      drivers/usb/gadget/ci13xxx_msm.o
  CC      drivers/soc/qcom/pil-q6v5.o
  LD      drivers/usb/core/usbcore.o
  LD      drivers/usb/core/built-in.o
  CC      drivers/staging/prima/CORE/HDD/src/wlan_hdd_debugfs.o
In file included from /root/los20/kernel/oppo/msm8939/drivers/usb/gadget/ci13xxx_msm.c:16:0:
/root/los20/kernel/oppo/msm8939/drivers/usb/gadget/ci13xxx_udc.c: In function 'udc_probe':
/root/los20/kernel/oppo/msm8939/drivers/usb/gadget/ci13xxx_udc.c:4085:1: warning: label 'del_udc' defined but not used [-Wunused-label]
 del_udc:
 ^
  CC      drivers/video/msm/mdss/mdss_mdp_intf_writeback.o
  CC      drivers/soc/qcom/pil-msa.o
  CC      drivers/video/msm/mdss/mdss_mdp_rotator.o
  CC      drivers/usb/storage/sddr55.o
  CC      drivers/usb/gadget/u_serial.o
  CC      drivers/video/msm/mdss/mdss_mdp_overlay.o
  CC      drivers/video/msm/mdss/mdss_mdp_splash_logo.o
  CC      drivers/staging/prima/CORE/HDD/src/wlan_hdd_dev_pwr.o
  CC      drivers/video/msm/mdss/mdss_mdp_wb.o
  CC      drivers/soc/qcom/pil-q6v5-mss.o
  CC      drivers/staging/prima/CORE/HDD/src/wlan_hdd_dp_utils.o
  CC      drivers/usb/storage/shuttle_usbat.o
  CC      drivers/video/msm/mdss/mdss_mdp_debug.o
  CC      drivers/usb/storage/scsiglue.o
  CC      drivers/staging/prima/CORE/HDD/src/wlan_hdd_early_suspend.o
  CC      drivers/video/msm/mdss/mdss_debug.o
  CC      drivers/soc/qcom/msm_performance.o
  CC      drivers/staging/prima/CORE/HDD/src/wlan_hdd_ftm.o
  CC      drivers/usb/storage/protocol.o
  CC      drivers/video/msm/mdss/mdss_debug_xlog.o
  CC      drivers/soc/qcom/core_ctl_helper.o
  CC      drivers/usb/storage/transport.o
  CC      drivers/staging/prima/CORE/HDD/src/wlan_hdd_hostapd.o
  CC      drivers/soc/qcom/core_ctl.o
  CC      drivers/soc/qcom/subsystem_notif.o
  CC      drivers/video/msm/mdss/mdss_panel.o
  CC      drivers/staging/prima/CORE/HDD/src/wlan_hdd_main.o
  CC      drivers/usb/storage/usb.o
  CC      drivers/soc/qcom/subsystem_restart.o
  CC      drivers/video/msm/mdss/adv7533_dsi2hdmi.o
  CC      drivers/usb/storage/initializers.o
  CC      drivers/staging/prima/CORE/HDD/src/wlan_hdd_mib.o
  CC      drivers/video/msm/mdss/mdss_io_util.o
  CC      drivers/usb/storage/sierra_ms.o
  CC      drivers/staging/prima/CORE/HDD/src/wlan_hdd_oemdata.o
  CC      drivers/video/msm/mdss/mdss_wb.o
  CC      drivers/usb/storage/option_ms.o
  CC      drivers/soc/qcom/ramdump.o
  CC      drivers/video/msm/mdss/mdss_fb.o
  CC      drivers/staging/prima/CORE/HDD/src/wlan_hdd_request_manager.o
  CC      drivers/usb/storage/usual-tables.o
  CC      drivers/soc/qcom/sysmon.o
  CC      drivers/staging/prima/CORE/HDD/src/wlan_hdd_scan.o
  CC      drivers/video/msm/mdss/mdss_util.o
  CC      drivers/staging/prima/CORE/HDD/src/wlan_hdd_softap_tx_rx.o
  CC      drivers/video/msm/mdss/mdss_compat_utils.o
  LD      drivers/usb/storage/usb-storage.o
  LD      drivers/usb/storage/ums-alauda.o
  LD      drivers/usb/storage/ums-cypress.o
  LD      drivers/usb/storage/ums-datafab.o
  LD      drivers/usb/storage/ums-freecom.o
  LD      drivers/usb/storage/ums-isd200.o
  LD      drivers/usb/storage/ums-jumpshot.o
  LD      drivers/usb/storage/ums-karma.o
  LD      drivers/usb/storage/ums-sddr09.o
  LD      drivers/usb/storage/ums-sddr55.o
  LD      drivers/usb/storage/ums-usbat.o
  LD      drivers/usb/storage/built-in.o
  CC      drivers/staging/prima/CORE/HDD/src/wlan_hdd_tx_rx.o
  CC      drivers/soc/qcom/sysmon-qmi.o
  CC      drivers/video/msm/mdss/mdss_livedisplay.o
  CC      drivers/staging/prima/CORE/HDD/src/wlan_hdd_trace.o
  CC      drivers/soc/qcom/cpu_pwr_ctl.o
  CC      drivers/staging/prima/CORE/HDD/src/wlan_hdd_wext.o
  LD      drivers/video/msm/mdss/mdss-mdp.o
  CC      drivers/staging/prima/CORE/HDD/src/wlan_hdd_wmm.o
  LD      drivers/soc/qcom/built-in.o
  LD      drivers/soc/built-in.o
  CC      drivers/staging/prima/CORE/HDD/src/wlan_hdd_wowl.o
  LD      drivers/video/msm/mdss/mdss-dsi.o
  CC      drivers/staging/prima/CORE/HDD/src/wlan_hdd_cfg80211.o
  CC      drivers/staging/prima/CORE/HDD/src/wlan_hdd_p2p.o
  CC      drivers/staging/prima/CORE/HDD/src/wlan_hdd_tdls.o
  CC      drivers/staging/prima/CORE/MAC/src/cfg/cfgApi.o
  CC      drivers/staging/prima/CORE/MAC/src/cfg/cfgDebug.o
  CC      drivers/staging/prima/CORE/MAC/src/cfg/cfgParamName.o
  CC      drivers/staging/prima/CORE/MAC/src/cfg/cfgProcMsg.o
  CC      drivers/staging/prima/CORE/MAC/src/cfg/cfgSendMsg.o
  LD      drivers/video/msm/mdss/built-in.o
  CC      drivers/staging/prima/CORE/MAC/src/dph/dphHashTable.o
  LD      drivers/video/msm/built-in.o
  LD      drivers/video/built-in.o
  CC      drivers/staging/prima/CORE/MAC/src/pe/lim/limAIDmgmt.o
  CC      drivers/staging/prima/CORE/MAC/src/pe/lim/limAdmitControl.o
  CC      drivers/staging/prima/CORE/MAC/src/pe/lim/limApi.o
  CC      drivers/staging/prima/CORE/MAC/src/pe/lim/limAssocUtils.o
  LD      drivers/usb/gadget/libcomposite.o
  LD      drivers/usb/gadget/usb_f_acm.o
  LD      drivers/usb/gadget/usb_f_serial.o
  LD      drivers/usb/gadget/g_android.o
  LD      drivers/usb/gadget/built-in.o
  LD      drivers/usb/built-in.o
  CC      drivers/staging/prima/CORE/MAC/src/pe/lim/limDebug.o
  CC      drivers/staging/prima/CORE/MAC/src/pe/lim/limFT.o
  CC      drivers/staging/prima/CORE/MAC/src/pe/lim/limIbssPeerMgmt.o
  CC      drivers/staging/prima/CORE/MAC/src/pe/lim/limLinkMonitoringAlgo.o
  CC      drivers/staging/prima/CORE/MAC/src/pe/lim/limLogDump.o
  CC      drivers/staging/prima/CORE/MAC/src/pe/lim/limP2P.o
  CC      drivers/staging/prima/CORE/MAC/src/pe/lim/limProcessActionFrame.o
  CC      drivers/staging/prima/CORE/MAC/src/pe/lim/limProcessAssocReqFrame.o
  CC      drivers/staging/prima/CORE/MAC/src/pe/lim/limProcessAssocRspFrame.o
  CC      drivers/staging/prima/CORE/MAC/src/pe/lim/limProcessAuthFrame.o
  CC      drivers/staging/prima/CORE/MAC/src/pe/lim/limProcessBeaconFrame.o
  CC      drivers/staging/prima/CORE/MAC/src/pe/lim/limProcessCfgUpdates.o
  CC      drivers/staging/prima/CORE/MAC/src/pe/lim/limProcessDeauthFrame.o
  CC      drivers/staging/prima/CORE/MAC/src/pe/lim/limProcessDisassocFrame.o
  CC      drivers/staging/prima/CORE/MAC/src/pe/lim/limProcessLmmMessages.o
  CC      drivers/staging/prima/CORE/MAC/src/pe/lim/limProcessMessageQueue.o
  CC      drivers/staging/prima/CORE/MAC/src/pe/lim/limProcessMlmReqMessages.o
  CC      drivers/staging/prima/CORE/MAC/src/pe/lim/limProcessMlmRspMessages.o
  CC      drivers/staging/prima/CORE/MAC/src/pe/lim/limProcessProbeReqFrame.o
  CC      drivers/staging/prima/CORE/MAC/src/pe/lim/limProcessProbeRspFrame.o
  CC      drivers/staging/prima/CORE/MAC/src/pe/lim/limProcessSmeReqMessages.o
  CC      drivers/staging/prima/CORE/MAC/src/pe/lim/limPropExtsUtils.o
  CC      drivers/staging/prima/CORE/MAC/src/pe/lim/limRMC.o
  CC      drivers/staging/prima/CORE/MAC/src/pe/lim/limRoamingAlgo.o
  CC      drivers/staging/prima/CORE/MAC/src/pe/lim/limScanResultUtils.o
  CC      drivers/staging/prima/CORE/MAC/src/pe/lim/limSecurityUtils.o
  CC      drivers/staging/prima/CORE/MAC/src/pe/lim/limSendManagementFrames.o
  CC      drivers/staging/prima/CORE/MAC/src/pe/lim/limSendMessages.o
  CC      drivers/staging/prima/CORE/MAC/src/pe/lim/limSendSmeRspMessages.o
  CC      drivers/staging/prima/CORE/MAC/src/pe/lim/limSerDesUtils.o
  CC      drivers/staging/prima/CORE/MAC/src/pe/lim/limSession.o
  CC      drivers/staging/prima/CORE/MAC/src/pe/lim/limSessionUtils.o
  CC      drivers/staging/prima/CORE/MAC/src/pe/lim/limSmeReqUtils.o
  CC      drivers/staging/prima/CORE/MAC/src/pe/lim/limStaHashApi.o
  CC      drivers/staging/prima/CORE/MAC/src/pe/lim/limTimerUtils.o
  CC      drivers/staging/prima/CORE/MAC/src/pe/lim/limTrace.o
  CC      drivers/staging/prima/CORE/MAC/src/pe/lim/limUtils.o
  CC      drivers/staging/prima/CORE/MAC/src/pe/lim/limProcessTdls.o
  CC      drivers/staging/prima/CORE/MAC/src/pe/pmm/pmmAP.o
  CC      drivers/staging/prima/CORE/MAC/src/pe/pmm/pmmApi.o
  CC      drivers/staging/prima/CORE/MAC/src/pe/pmm/pmmDebug.o
  CC      drivers/staging/prima/CORE/MAC/src/pe/sch/schApi.o
  CC      drivers/staging/prima/CORE/MAC/src/pe/sch/schBeaconGen.o
  CC      drivers/staging/prima/CORE/MAC/src/pe/sch/schBeaconProcess.o
  CC      drivers/staging/prima/CORE/MAC/src/pe/sch/schDebug.o
  CC      drivers/staging/prima/CORE/MAC/src/pe/sch/schMessage.o
  CC      drivers/staging/prima/CORE/MAC/src/pe/rrm/rrmApi.o
  CC      drivers/staging/prima/CORE/SAP/src/sapApiLinkCntl.o
  CC      drivers/staging/prima/CORE/SAP/src/sapChSelect.o
  CC      drivers/staging/prima/CORE/SAP/src/sapFsm.o
  CC      drivers/staging/prima/CORE/SAP/src/sapModule.o
  CC      drivers/staging/prima/CORE/SME/src/btc/btcApi.o
  CC      drivers/staging/prima/CORE/SME/src/ccm/ccmApi.o
  CC      drivers/staging/prima/CORE/SME/src/ccm/ccmLogDump.o
  CC      drivers/staging/prima/CORE/SME/src/sme_common/sme_Api.o
  CC      drivers/staging/prima/CORE/SME/src/sme_common/sme_FTApi.o
  CC      drivers/staging/prima/CORE/SME/src/sme_common/sme_Trace.o
  CC      drivers/staging/prima/CORE/SME/src/csr/csrApiRoam.o
  CC      drivers/staging/prima/CORE/SME/src/csr/csrApiScan.o
  CC      drivers/staging/prima/CORE/SME/src/csr/csrCmdProcess.o
  CC      drivers/staging/prima/CORE/SME/src/csr/csrLinkList.o
  CC      drivers/staging/prima/CORE/SME/src/csr/csrLogDump.o
  CC      drivers/staging/prima/CORE/SME/src/csr/csrNeighborRoam.o
  CC      drivers/staging/prima/CORE/SME/src/csr/csrUtil.o
  CC      drivers/staging/prima/CORE/SME/src/csr/csrTdlsProcess.o
  CC      drivers/staging/prima/CORE/SME/src/oemData/oemDataApi.o
  CC      drivers/staging/prima/CORE/SME/src/p2p/p2p_Api.o
  CC      drivers/staging/prima/CORE/SME/src/pmc/pmcApi.o
  CC      drivers/staging/prima/CORE/SME/src/pmc/pmc.o
  CC      drivers/staging/prima/CORE/SME/src/pmc/pmcLogDump.o
  CC      drivers/staging/prima/CORE/SME/src/QoS/sme_Qos.o
  CC      drivers/staging/prima/CORE/SME/src/rrm/sme_rrm.o
  CC      drivers/staging/prima/CORE/SME/src/nan/nan_Api.o
  CC      drivers/staging/prima/CORE/SVC/src/btc/wlan_btc_svc.o
  CC      drivers/staging/prima/CORE/SVC/src/nlink/wlan_nlink_srv.o
  CC      drivers/staging/prima/CORE/SVC/src/ptt/wlan_ptt_sock_svc.o
  CC      drivers/staging/prima/CORE/SVC/src/logging/wlan_logging_sock_svc.o
  CC      drivers/staging/prima/CORE/SYS/common/src/wlan_qct_sys.o
  CC      drivers/staging/prima/CORE/SYS/legacy/src/pal/src/palApiComm.o
  CC      drivers/staging/prima/CORE/SYS/legacy/src/pal/src/palTimer.o
  CC      drivers/staging/prima/CORE/SYS/legacy/src/platform/src/VossWrapper.o
  CC      drivers/staging/prima/CORE/SYS/legacy/src/system/src/macInitApi.o
  CC      drivers/staging/prima/CORE/SYS/legacy/src/system/src/sysEntryFunc.o
  CC      drivers/staging/prima/CORE/SYS/legacy/src/utils/src/dot11f.o
  CC      drivers/staging/prima/CORE/SYS/legacy/src/utils/src/logApi.o
  CC      drivers/staging/prima/CORE/SYS/legacy/src/utils/src/logDump.o
  CC      drivers/staging/prima/CORE/SYS/legacy/src/utils/src/macTrace.o
  CC      drivers/staging/prima/CORE/SYS/legacy/src/utils/src/parserApi.o
  CC      drivers/staging/prima/CORE/SYS/legacy/src/utils/src/utilsApi.o
  CC      drivers/staging/prima/CORE/SYS/legacy/src/utils/src/utilsParser.o
  CC      drivers/staging/prima/CORE/TL/src/wlan_qct_tl.o
  CC      drivers/staging/prima/CORE/TL/src/wlan_qct_tl_ba.o
  CC      drivers/staging/prima/CORE/TL/src/wlan_qct_tl_hosupport.o
  CC      drivers/staging/prima/CORE/TL/src/wlan_qct_tl_trace.o
  CC      drivers/staging/prima/CORE/VOSS/src/vos_api.o
  CC      drivers/staging/prima/CORE/VOSS/src/vos_event.o
  CC      drivers/staging/prima/CORE/VOSS/src/vos_getBin.o
  CC      drivers/staging/prima/CORE/VOSS/src/vos_list.o
  CC      drivers/staging/prima/CORE/VOSS/src/vos_lock.o
  CC      drivers/staging/prima/CORE/VOSS/src/vos_memory.o
  CC      drivers/staging/prima/CORE/VOSS/src/vos_mq.o
  CC      drivers/staging/prima/CORE/VOSS/src/vos_nvitem.o
  CC      drivers/staging/prima/CORE/VOSS/src/vos_packet.o
  CC      drivers/staging/prima/CORE/VOSS/src/vos_sched.o
  CC      drivers/staging/prima/CORE/VOSS/src/vos_threads.o
  CC      drivers/staging/prima/CORE/VOSS/src/vos_timer.o
  CC      drivers/staging/prima/CORE/VOSS/src/vos_trace.o
  CC      drivers/staging/prima/CORE/VOSS/src/vos_types.o
  CC      drivers/staging/prima/CORE/VOSS/src/vos_utils.o
  CC      drivers/staging/prima/CORE/VOSS/src/wlan_nv_parser.o
  CC      drivers/staging/prima/CORE/VOSS/src/wlan_nv_stream_read.o
  CC      drivers/staging/prima/CORE/VOSS/src/wlan_nv_template_builtin.o
  CC      drivers/staging/prima/CORE/VOSS/src/vos_diag.o
  CC      drivers/staging/prima/CORE/WDA/src/wlan_qct_wda.o
  CC      drivers/staging/prima/CORE/WDA/src/wlan_qct_wda_debug.o
  CC      drivers/staging/prima/CORE/WDA/src/wlan_qct_wda_ds.o
  CC      drivers/staging/prima/CORE/WDA/src/wlan_qct_wda_legacy.o
  CC      drivers/staging/prima/CORE/WDA/src/wlan_nv.o
  CC      drivers/staging/prima/CORE/WDI/CP/src/wlan_qct_wdi.o
  CC      drivers/staging/prima/CORE/WDI/CP/src/wlan_qct_wdi_dp.o
  CC      drivers/staging/prima/CORE/WDI/CP/src/wlan_qct_wdi_sta.o
  CC      drivers/staging/prima/CORE/WDI/DP/src/wlan_qct_wdi_bd.o
  CC      drivers/staging/prima/CORE/WDI/DP/src/wlan_qct_wdi_ds.o
  CC      drivers/staging/prima/CORE/WDI/TRP/CTS/src/wlan_qct_wdi_cts.o
  CC      drivers/staging/prima/CORE/WDI/TRP/DTS/src/wlan_qct_wdi_dts.o
  CC      drivers/staging/prima/CORE/WDI/WPAL/src/wlan_qct_pal_api.o
  CC      drivers/staging/prima/CORE/WDI/WPAL/src/wlan_qct_pal_device.o
  CC      drivers/staging/prima/CORE/WDI/WPAL/src/wlan_qct_pal_msg.o
  CC      drivers/staging/prima/CORE/WDI/WPAL/src/wlan_qct_pal_packet.o
  CC      drivers/staging/prima/CORE/WDI/WPAL/src/wlan_qct_pal_sync.o
  CC      drivers/staging/prima/CORE/WDI/WPAL/src/wlan_qct_pal_timer.o
  CC      drivers/staging/prima/CORE/WDI/WPAL/src/wlan_qct_pal_trace.o
  LD      drivers/staging/prima/wlan.o
  LD      drivers/staging/prima/built-in.o
  LD      drivers/staging/built-in.o
  LD      drivers/built-in.o
  LINK    vmlinux
  LD      vmlinux.o
  MODPOST vmlinux.o
  GEN     .version
  CC      init/main.o
  CHK     include/generated/compile.h
  CC      init/do_mounts.o
  CC      init/do_mounts_rd.o
  CC      init/do_mounts_initrd.o
  CC      init/initramfs.o
  CC      init/calibrate.o
  CC      init/init_task.o
  UPD     include/generated/compile.h
  CC      init/version.o
  LD      init/mounts.o
  LD      init/built-in.o
  KSYM    .tmp_kallsyms1.o
  KSYM    .tmp_kallsyms2.o
  LD      vmlinux
  SORTEX  vmlinux
  SYSMAP  System.map
  OBJCOPY arch/arm64/boot/Image
